Date,Brand,Item Category,Item Group,Sub Item Group,Thickness,Size,Item Name,AX Code,QTY/Box,QTY/M2,QTY/Sh,Price/M2,Price/Sh,Price/Box,SO. No.,Invoice No.,Customer Name,Value Without Vat,Vat 14%,Total Value,Shipment No.,Shipment Code,Ex. Rate,Price/M2 +14%,Current Stock,Cost Per M2,Total Cost,Margin,Cost per Box,Value per Box,Box + VAT,Customer Segment,Lead Time,Arrival Date,Shipment Lead Time
16-Nov-22,Fuji,Plate,Solvent,Digital,1.14,1270 x 2032 mm,Flexo Solvent Digital Plate 1.14 / 1270 x 2032 mm,FC2003731,10,309.7,120,"EGP 1,600 ","EGP 4,129 ","EGP 49,548 ",,FLX.2022.M.INV.00006,Unidots,"EGP 495,483 ","EGP 69,368 ","EGP 564,850 ",2022/385,2022-P01,25,"EGP 1,824 ",0,"EGP 1,339 ","EGP 414,664 ",16.30%,"EGP 41,466 ","EGP 49,548 ","EGP 56,485 ",Repro House,53,10-Nov-22,6
24-Nov-22,Fuji,Plate,Solvent,Digital,1.14,900 x 1200 mm,Flexo Solvent Digital Plate 1.14 / 900 x 1200 mm,FC2003728,10,129.6,120,"EGP 1,650 ","EGP 1,782 ","EGP 21,384 ",,FLX.2022.M.INV.00013,Pacman CCL,"EGP 213,840 ","EGP 29,938 ","EGP 243,778 ",2022/385,2022-P01,25,"EGP 1,881 ",0,"EGP 1,072 ","EGP 138,892 ",35.00%,"EGP 13,889 ","EGP 21,384 ","EGP 24,378 ",Label,25,10-Nov-22,14
21-Nov-22,Fuji,Plate,Solvent,Digital,1.14,1067 x 1524 mm,Flexo Solvent Digital Plate 1.14 / 1067 x 1524 mm,FC2003730,2,39.03,24,"EGP 1,700 ","EGP 2,764 ","EGP 33,173 ",,FLX.2022.M.INV.00002,Universal Misr,"EGP 66,345 ","EGP 9,288 ","EGP 75,634 ",2022/385,2022-P01,25,"EGP 1,938 ",0,"EGP 1,339 ","EGP 52,257 ",21.20%,"EGP 26,129 ","EGP 33,173 ","EGP 37,817 ",Repro House,0,10-Nov-22,11
21-Nov-22,Fuji,Plate,Solvent,Digital,1.7,1270 x 2032 mm,Flexo Solvent Digital Plate 1.7 / 1270 x 2032 mm,FC2003732,1,25.81,10,"EGP 1,700 ","EGP 4,387 ","EGP 43,871 ",,FLX.2022.M.INV.00003,Al Taraki,"EGP 43,871 ","EGP 6,142 ","EGP 50,013 ",2022/385,2022-P01,25,"EGP 1,938 ",0,"EGP 1,339 ","EGP 34,555 ",21.20%,"EGP 34,555 ","EGP 43,871 ","EGP 50,013 ",Repro House,1,10-Nov-22,11
22-Nov-22,Fuji,Plate,Solvent,Digital,2.54,1270 x 2032 mm,Flexo Solvent Digital Plate 2.54 / 1270 x 2032 mm,FC2003733,1,23.2,9,"EGP 1,650 ","EGP 4,258 ","EGP 38,323 ",,FLX.2022.M.INV.00004,Smart Four Flexo,"EGP 38,323 ","EGP 5,365 ","EGP 43,688 ",2022/385,2022-P01,25,"EGP 1,881 ",0,"EGP 1,339 ","EGP 31,100 ",18.80%,"EGP 31,100 ","EGP 38,323 ","EGP 43,688 ",Repro House,0,10-Nov-22,12
23-Nov-22,Fuji,Plate,Solvent,Digital,1.14,1067 x 1524 mm,Flexo Solvent Digital Plate 1.14 / 1067 x 1524 mm,FC2003730,2,39,24,"EGP 1,700 ","EGP 2,764 ","EGP 33,173 ",,FLX.2022.M.INV.00005,Universal Misr,"EGP 66,345 ","EGP 9,288 ","EGP 75,634 ",2022/385,2022-P01,25,"EGP 1,938 ",0,"EGP 1,339 ","EGP 52,257 ",21.20%,"EGP 26,129 ","EGP 33,173 ","EGP 37,817 ",Repro House,0,10-Nov-22,13
24-Nov-22,Fuji,Plate,Solvent,Analog,2.54,1067 x 1524 mm,Flexo Solvent Analog Plate 2.54 / 1067 x 1524 mm,FC2003734,5,73.2,45,"EGP 1,332 ","EGP 2,166 ","EGP 19,494 ",,FLX.2022.M.INV.00008,Flexo 24,"EGP 97,469 ","EGP 13,646 ","EGP 111,115 ",2022/386,2022-P01,25,"EGP 1,518 ",0,"EGP 1,298 ","EGP 94,999 ",2.50%,"EGP 19,000 ","EGP 19,494 ","EGP 22,223 ",Repro House,0,10-Nov-22,14
24-Nov-22,Fuji,Plate,Solvent,Analog,3.94,1067 x 1524 mm,Flexo Solvent Analog Plate 3.94 / 1067 x 1524 mm,FC2003735,13,126.8,78,"EGP 1,469 ","EGP 2,389 ","EGP 14,333 ",,FLX.2022.M.INV.00008,Flexo 24,"EGP 186,323 ","EGP 26,085 ","EGP 212,408 ",2022/386,2022-P01,25,"EGP 1,675 ",0,"EGP 1,492 ","EGP 189,271 ",-1.60%,"EGP 14,559 ","EGP 14,333 ","EGP 16,339 ",Repro House,0,10-Nov-22,14
24-Nov-22,Fuji,Plate,Solvent,Analog,4.7,1067 x 1524 mm,Flexo Solvent Analog Plate 4.7 / 1067 x 1524 mm,FC2003736,5,40.7,25,"EGP 1,469 ","EGP 2,389 ","EGP 11,944 ",,FLX.2022.M.INV.00008,Flexo 24,"EGP 59,719 ","EGP 8,361 ","EGP 68,079 ",2022/386,2022-P01,25,"EGP 1,675 ",0,"EGP 1,492 ","EGP 60,664 ",-1.60%,"EGP 12,133 ","EGP 11,944 ","EGP 13,616 ",Repro House,0,10-Nov-22,14
24-Nov-22,Fuji,Plate,Solvent,Analog,3.94,1067 x 1524 mm,Flexo Solvent Analog Plate 3.94 / 1067 x 1524 mm,FC2003735,2,19.5,12,"EGP 1,800 ","EGP 2,927 ","EGP 17,562 ",,FLX.2022.M.INV.00007,essam,"EGP 35,124 ","EGP 4,917 ","EGP 40,041 ",2022/386,2022-P01,25,"EGP 2,052 ",0,"EGP 1,492 ","EGP 29,119 ",17.10%,"EGP 14,559 ","EGP 17,562 ","EGP 20,021 ",Repro House,0,10-Nov-22,14
24-Nov-22,Fuji,Plate,Solvent,Digital,1.14,1067 x 1524 mm,Flexo Solvent Digital Plate 1.14 / 1067 x 1524 mm,FC2003730,2,39,24,"EGP 1,700 ","EGP 2,764 ","EGP 33,173 ",,FLX.2022.M.INV.00009,Al Taraki,"EGP 66,345 ","EGP 9,288 ","EGP 75,634 ",2022/385,2022-P01,25,"EGP 1,938 ",0,"EGP 1,339 ","EGP 52,257 ",21.20%,"EGP 26,129 ","EGP 33,173 ","EGP 37,817 ",Repro House,25,10-Nov-22,14
27-Nov-22,Fuji,Plate,Solvent,Analog,3.94,1067 x 1524 mm,Flexo Solvent Analog Plate 3.94 / 1067 x 1524 mm,FC2003735,7,68.3,42,"EGP 1,800 ","EGP 2,927 ","EGP 17,562 ",,FLX.2022.M.INV.00010,Kodak,"EGP 122,934 ","EGP 17,211 ","EGP 140,144 ",2022/386,2022-P01,25,"EGP 2,052 ",0,"EGP 1,492 ","EGP 101,915 ",17.10%,"EGP 14,559 ","EGP 17,562 ","EGP 20,021 ",Repro House,3,10-Nov-22,17
27-Nov-22,Fuji,Plate,Solvent,Analog,2.54,1067 x 1524 mm,Flexo Solvent Analog Plate 2.54 / 1067 x 1524 mm,FC2003734,1,14.6,9,"EGP 1,650 ","EGP 2,683 ","EGP 24,148 ",,FLX.2022.M.INV.00011,Sawfa,"EGP 24,148 ","EGP 3,381 ","EGP 27,528 ",2022/386,2022-P01,25,"EGP 1,881 ",0,"EGP 1,298 ","EGP 19,000 ",21.30%,"EGP 19,000 ","EGP 24,148 ","EGP 27,528 ",Repro House,0,10-Nov-22,17
1-Dec-22,Fuji,Plate,Solvent,Analog,2.54,1067 x 1524 mm,Flexo Solvent Analog Plate 2.54 / 1067 x 1524 mm,FC2003734,6,87.8,54,"EGP 1,332 ","EGP 2,166 ","EGP 19,494 ",,FLX.2022.M.INV.00016,Flexo 24,"EGP 116,963 ","EGP 16,375 ","EGP 133,337 ",2022/386,2022-P01,25,"EGP 1,518 ",0,"EGP 1,298 ","EGP 113,999 ",2.50%,"EGP 19,000 ","EGP 19,494 ","EGP 22,223 ",Repro House,20,10-Nov-22,21
1-Dec-22,Fuji,Plate,Solvent,Analog,3.94,1067 x 1524 mm,Flexo Solvent Analog Plate 3.94 / 1067 x 1524 mm,FC2003735,27,263.4,162,"EGP 1,469 ","EGP 2,389 ","EGP 14,333 ",,FLX.2022.M.INV.00016,Flexo 24,"EGP 386,978 ","EGP 54,177 ","EGP 441,155 ",2022/386,2022-P01,25,"EGP 1,675 ",0,"EGP 1,492 ","EGP 393,101 ",-1.60%,"EGP 14,559 ","EGP 14,333 ","EGP 16,339 ",Repro House,20,10-Nov-22,21
1-Dec-22,Fuji,Plate,Solvent,Analog,4.7,1067 x 1524 mm,Flexo Solvent Analog Plate 4.7 / 1067 x 1524 mm,FC2003736,4,32.5,20,"EGP 1,469 ","EGP 2,389 ","EGP 11,944 ",,FLX.2022.M.INV.00016,Flexo 24,"EGP 47,775 ","EGP 6,689 ","EGP 54,464 ",2022/386,2022-P01,25,"EGP 1,675 ",0,"EGP 1,492 ","EGP 48,531 ",-1.60%,"EGP 12,133 ","EGP 11,944 ","EGP 13,616 ",Repro House,20,10-Nov-22,21
28-Nov-22,Fuji,Plate,Solvent,Digital,1.7,1270 x 2032 mm,Flexo Solvent Digital Plate 1.7 / 1270 x 2032 mm,FC2003732,2,51.6,20,"EGP 1,700 ","EGP 4,387 ","EGP 43,871 ",,FLX.2022.M.INV.00012,Universal Misr,"EGP 87,742 ","EGP 12,284 ","EGP 100,026 ",2022/385,2022-P01,25,"EGP 1,938 ",0,"EGP 1,339 ","EGP 69,111 ",21.20%,"EGP 34,555 ","EGP 43,871 ","EGP 50,013 ",Repro House,0,10-Nov-22,18
30-Nov-22,Fuji,Plate,Solvent,Digital,2.54,1270 x 2032 mm,Flexo Solvent Digital Plate 2.54 / 1270 x 2032 mm,FC2003733,1,23.2,9,"EGP 1,700 ","EGP 4,387 ","EGP 39,484 ",,FLX.2022.M.INV.00014,Al Taraki,"EGP 39,484 ","EGP 5,528 ","EGP 45,012 ",2022/385,2022-P01,25,"EGP 1,938 ",0,"EGP 1,339 ","EGP 31,100 ",21.20%,"EGP 31,100 ","EGP 39,484 ","EGP 45,012 ",Repro House,1,10-Nov-22,20
1-Dec-22,Fuji,Plate,Solvent,Analog,3.94,1067 x 1524 mm,Flexo Solvent Analog Plate 3.94 / 1067 x 1524 mm,FC2003735,1,9.8,6,"EGP 1,800 ","EGP 2,927 ","EGP 17,562 ",,FLX.2022.M.INV.00015,Sawfa,"EGP 17,562 ","EGP 2,459 ","EGP 20,021 ",2022/386,2022-P01,25,"EGP 2,052 ",0,"EGP 1,492 ","EGP 14,559 ",17.10%,"EGP 14,559 ","EGP 17,562 ","EGP 20,021 ",Repro House,1,10-Nov-22,21
11-Dec-22,Fuji,Plate,Solvent,Digital,1.7,1270 x 2032 mm,Flexo Solvent Digital Plate 1.7 / 1270 x 2032 mm,FC2003732,2,51.6,20,"EGP 1,700 ","EGP 4,387 ","EGP 43,871 ",,FLX.2022.M.INV.00020,Universal Misr,"EGP 87,742 ","EGP 12,284 ","EGP 100,026 ",2022/385,2022-P01,25,"EGP 1,938 ",0,"EGP 1,339 ","EGP 69,111 ",21.20%,"EGP 34,555 ","EGP 43,871 ","EGP 50,013 ",Repro House,31,10-Nov-22,31
12-Dec-22,Fuji,Plate,Solvent,Digital,2.54,1270 x 2032 mm,Flexo Solvent Digital Plate 2.54 / 1270 x 2032 mm,FC2003733,3,69.7,27,"EGP 1,700 ","EGP 4,387 ","EGP 39,484 ",,FLX.2022.M.INV.00020,Universal Misr,"EGP 118,451 ","EGP 16,583 ","EGP 135,035 ",2022/385,2022-P01,25,"EGP 1,938 ",0,"EGP 1,339 ","EGP 93,300 ",21.20%,"EGP 31,100 ","EGP 39,484 ","EGP 45,012 ",Repro House,31,10-Nov-22,32
12-Dec-22,Fuji,Plate,Solvent,Analog,2.54,1067 x 1524 mm,Flexo Solvent Analog Plate 2.54 / 1067 x 1524 mm,FC2003734,2,29.3,18,"EGP 1,650 ","EGP 2,683 ","EGP 24,148 ",,FLX.2022.M.INV.00019,Pioneers,"EGP 48,295 ","EGP 6,761 ","EGP 55,057 ",2022/386,2022-P01,25,"EGP 1,881 ",0,"EGP 1,298 ","EGP 38,000 ",21.30%,"EGP 19,000 ","EGP 24,148 ","EGP 27,528 ",Repro House,0,10-Nov-22,32
15-Dec-22,Fuji,Plate,Solvent,Analog,2.54,1067 x 1524 mm,Flexo Solvent Analog Plate 2.54 / 1067 x 1524 mm,FC2003734,2,29.3,18,"EGP 1,650 ","EGP 2,683 ","EGP 24,148 ",,FLX.2022.M.INV.00018,flx home,"EGP 48,295 ","EGP 6,761 ","EGP 55,057 ",2022/386,2022-P01,25,"EGP 1,881 ",0,"EGP 1,298 ","EGP 38,000 ",21.30%,"EGP 19,000 ","EGP 24,148 ","EGP 27,528 ",Repro House,0,10-Nov-22,35
15-Jan-23,Fuji,Plate,Solvent,Analog,4.7,1067 x 1524 mm,Flexo Solvent Analog Plate 4.7 / 1067 x 1524 mm,FC2003736,5,40.7,25,"EGP 1,950 ","EGP 3,171 ","EGP 15,855 ",FLX.2023.SO.000001,FLX.2023.M.INV.00001,Smart Four Flexo,"EGP 79,273 ","EGP 11,098 ","EGP 90,371 ",2022/386,2022-P01,25,"EGP 2,223 ",0,"EGP 1,492 ","EGP 60,664 ",23.50%,"EGP 12,133 ","EGP 15,855 ","EGP 18,074 ",Repro House,31,10-Nov-22,66
18-May-23,Fuji,Plate,Solvent,Digital,1.14,1270 x 2032 mm,Flexo Solvent Digital Plate 1.14 / 1270 x 2032 mm,FC2003731,8,247.7,96,"EGP 2,719 ","EGP 7,018 ","EGP 84,210.36 ",FLX.2023.SO.000002,FLX.2023.M.INV.00002,Unidots,"EGP 673,683 ","EGP 94,316 ","EGP 767,998 ",2023/147,2023-P01,39.44,"EGP 3,100 ",0,"EGP 1,995 ","EGP 494,136 ",26.70%,"EGP 61,767 ","EGP 84,210 ","EGP 96,000 ",Repro House,58,15-May-23,3
18-May-23,Fuji,Plate,Solvent,Digital,2.54,1270 x 2032 mm,Flexo Solvent Digital Plate 2.54 / 1270 x 2032 mm,FC2003733,2,46.5,18,"EGP 2,719 ","EGP 7,018 ","EGP 63,157.77 ",FLX.2023.SO.000002,FLX.2023.M.INV.00002,Unidots,"EGP 126,316 ","EGP 17,684 ","EGP 144,000 ",2023/147,2023-P01,39.44,"EGP 3,100 ",0,"EGP 1,995 ","EGP 92,651 ",26.70%,"EGP 46,325 ","EGP 63,158 ","EGP 72,000 ",Repro House,58,15-May-23,3
21-May-23,Fuji,Plate,Solvent,Digital,1.14,1270 x 2032 mm,Flexo Solvent Digital Plate 1.14 / 1270 x 2032 mm,FC2003731,10,309.7,120,"EGP 2,807 ","EGP 7,244 ","EGP 86,927 ",FLX.2023.SO.000003,FLX.2023.M.INV.00006,ElEsraa Prepress,"EGP 869,268 ","EGP 121,698 ","EGP 990,966 ",2023/147,2023-P01,39.44,"EGP 3,200 ",0,"EGP 1,995 ","EGP 617,670 ",28.90%,"EGP 61,767 ","EGP 86,927 ","EGP 99,097 ",Repro House,781,15-May-23,6
21-May-23,Fuji,Plate,Solvent,Digital,2.54,1270 x 2032 mm,Flexo Solvent Digital Plate 2.54 / 1270 x 2032 mm,FC2003733,3,69.7,27,"EGP 2,807 ","EGP 7,244 ","EGP 65,195 ",FLX.2023.SO.000003,FLX.2023.M.INV.00006,ElEsraa Prepress,"EGP 195,585 ","EGP 27,382 ","EGP 222,967 ",2023/147,2023-P01,39.44,"EGP 3,200 ",0,"EGP 1,995 ","EGP 138,976 ",28.90%,"EGP 46,325 ","EGP 65,195 ","EGP 74,322 ",Repro House,781,15-May-23,6
21-May-23,Fuji,Plate,Solvent,Digital,2.54,1270 x 2032 mm,Flexo Solvent Digital Plate 2.54 / 1270 x 2032 mm,FC2003733,1,23.2,9,"EGP 2,807 ","EGP 7,244 ","EGP 65,195 ",FLX.2023.SO.000003,FLX.2023.M.INV.00006,ElEsraa Prepress,"EGP 65,195 ","EGP 9,127 ","EGP 74,322 ",2023/144,2023-P01,39.9,"EGP 3,200 ",0,"EGP 2,018 ","EGP 46,876 ",28.10%,"EGP 46,876 ","EGP 65,195 ","EGP 74,322 ",Repro House,781,15-May-23,6
21-May-23,Fuji,Plate,Solvent,Digital,1.7,1270 x 2032 mm,Flexo Solvent Digital Plate 1.7 / 1270 x 2032 mm,FC2003732,5,129,50,"EGP 2,807 ","EGP 7,244 ","EGP 72,439 ",FLX.2023.SO.000003,FLX.2023.M.INV.00006,ElEsraa Prepress,"EGP 362,195 ","EGP 50,707 ","EGP 412,902 ",2023/147,2023-P01,39.44,"EGP 3,200 ",0,"EGP 1,995 ","EGP 257,363 ",28.90%,"EGP 51,473 ","EGP 72,439 ","EGP 82,580 ",Repro House,781,15-May-23,6
21-May-23,Fuji,Plate,Solvent,Digital,3.94,1270 x 2032 mm,Flexo Solvent Digital Plate 3.94 / 1270 x 2032 mm,FC2009933,10,154.8,60,"EGP 2,982 ","EGP 7,697 ","EGP 46,180 ",FLX.2023.SO.000003,FLX.2023.M.INV.00006,ElEsraa Prepress,"EGP 461,799 ","EGP 64,652 ","EGP 526,451 ",2023/147,2023-P01,39.44,"EGP 3,400 ",0,"EGP 1,995 ","EGP 308,835 ",33.10%,"EGP 30,884 ","EGP 46,180 ","EGP 52,645 ",Repro House,781,15-May-23,6
21-May-23,Fuji,Plate,Solvent,Digital,1.14,1270 x 2032 mm,Flexo Solvent Digital Plate 1.14 / 1270 x 2032 mm,FC2003731,1,31,12,"EGP 2,807 ","EGP 7,244 ","EGP 86,927 ",FLX.2023.SO.000003,FLX.2023.M.INV.00006,ElEsraa Prepress,"EGP 86,927 ","EGP 12,170 ","EGP 99,097 ",2023/147,2023-P01,39.44,"EGP 3,200 ",0,"EGP 1,995 ","EGP 61,767 ",28.90%,"EGP 61,767 ","EGP 86,927 ","EGP 99,097 ",Repro House,781,15-May-23,6
21-May-23,Fuji,Plate,Solvent,Digital,1.14,1270 x 2032 mm,Flexo Solvent Digital Plate 1.14 / 1270 x 2032 mm,FC2003731,2,61.9,24,"EGP 2,807 ","EGP 7,244 ","EGP 86,927 ",FLX.2023.SO.000003,FLX.2023.M.INV.00006,ElEsraa Prepress,"EGP 173,854 ","EGP 24,340 ","EGP 198,193 ",2023/144,2023-P01,39.9,"EGP 3,200 ",0,"EGP 2,018 ","EGP 125,001 ",28.10%,"EGP 62,501 ","EGP 86,927 ","EGP 99,097 ",Repro House,781,15-May-23,6
21-May-23,Fuji,Plate,Solvent,Digital,2.54,1270 x 2032 mm,Flexo Solvent Digital Plate 2.54 / 1270 x 2032 mm,FC2003733,4,92.9,36,"EGP 2,777 ","EGP 7,166 ","EGP 64,498 ",FLX.2023.SO.000003,FLX.2023.M.INV.00005,ElEsraa Prepress,"EGP 257,990 ","EGP 36,119 ","EGP 294,109 ",2023/144,2023-P01,39.9,"EGP 3,166 ",0,"EGP 2,018 ","EGP 187,502 ",27.30%,"EGP 46,876 ","EGP 64,498 ","EGP 73,527 ",Repro House,120,15-May-23,6
25-May-23,Fuji,Plate,Solvent,Digital,1.14,1270 x 2032 mm,Flexo Solvent Digital Plate 1.14 / 1270 x 2032 mm,FC2003731,1,31,12,"EGP 2,807 ","EGP 7,244 ","EGP 86,927 ",FLX.2023.SO.000004,FLX.2023.M.INV.00004,Hayat,"EGP 86,927 ","EGP 12,170 ","EGP 99,097 ",2023/147,2023-P01,39.44,"EGP 3,200 ",0,"EGP 1,995 ","EGP 61,767 ",28.90%,"EGP 61,767 ","EGP 86,927 ","EGP 99,097 ",Wide Web,10,15-May-23,10
25-May-23,Fuji,Plate,Solvent,Digital,1.14,900 x 1200 mm,Flexo Solvent Digital Plate 1.14 / 900 x 1200 mm,FC2003728,15,194.4,180,"EGP 2,719 ","EGP 2,937 ","EGP 35,242 ",FLX.2023.SO.000005,FLX.2023.M.INV.00003,Pacman CCL,"EGP 528,632 ","EGP 74,008 ","EGP 602,640 ",2023/147,2023-P01,39.44,"EGP 3,100 ",0,"EGP 1,995 ","EGP 387,742 ",26.70%,"EGP 25,849 ","EGP 35,242 ","EGP 40,176 ",Label,25,15-May-23,10
25-May-23,Fuji,Plate,Solvent,Digital,1.14,900 x 1200 mm,Flexo Solvent Digital Plate 1.14 / 900 x 1200 mm,FC2003728,2,25.9,24,"EGP 2,719 ","EGP 2,937 ","EGP 35,242 ",FLX.2023.SO.000005,FLX.2023.M.INV.00003,Pacman CCL,"EGP 70,484 ","EGP 9,868 ","EGP 80,352 ",2023/144,2023-P01,39.9,"EGP 3,100 ",0,"EGP 2,018 ","EGP 52,313 ",25.80%,"EGP 26,157 ","EGP 35,242 ","EGP 40,176 ",Label,25,15-May-23,10
25-May-23,Fuji,Plate,Solvent,Digital,1.14,1270 x 2032 mm,Flexo Solvent Digital Plate 1.14 / 1270 x 2032 mm,FC2003731,2,61.9,24,"EGP 2,807 ","EGP 7,244 ","EGP 86,927 ",FLX.2023.SO.000004,FLX.2023.M.INV.00004,Hayat,"EGP 173,854 ","EGP 24,340 ","EGP 198,193 ",2023/144,2023-P01,39.9,"EGP 3,200 ",0,"EGP 2,018 ","EGP 125,001 ",28.10%,"EGP 62,501 ","EGP 86,927 ","EGP 99,097 ",Wide Web,10,15-May-23,10
30-May-23,Fuji,Plate,Solvent,Digital,1.14,1270 x 2032 mm,Flexo Solvent Digital Plate 1.14 / 1270 x 2032 mm,FC2003731,10,309.7,120,"EGP 2,777 ","EGP 7,166 ","EGP 85,997 ",FLX.2023.SO.000006,FLX.2023.M.INV.00005,ElEsraa Prepress,"EGP 859,967 ","EGP 120,395 ","EGP 980,362 ",2023/144,2023-P01,39.9,"EGP 3,166 ",0,"EGP 2,018 ","EGP 625,007 ",27.30%,"EGP 62,501 ","EGP 85,997 ","EGP 98,036 ",Repro House,120,15-May-23,15
30-May-23,Fuji,Plate,Solvent,Digital,1.7,1270 x 2032 mm,Flexo Solvent Digital Plate 1.7 / 1270 x 2032 mm,FC2003732,5,129,50,"EGP 2,777 ","EGP 7,166 ","EGP 71,664 ",FLX.2023.SO.000006,FLX.2023.M.INV.00005,ElEsraa Prepress,"EGP 358,320 ","EGP 50,165 ","EGP 408,484 ",2023/144,2023-P01,39.9,"EGP 3,166 ",0,"EGP 2,018 ","EGP 260,420 ",27.30%,"EGP 52,084 ","EGP 71,664 ","EGP 81,697 ",Repro House,120,15-May-23,15
30-May-23,Fuji,Plate,Solvent,Digital,3.94,1270 x 2032 mm,Flexo Solvent Digital Plate 3.94 / 1270 x 2032 mm,FC2009933,8,123.9,48,"EGP 2,951 ","EGP 7,614 ","EGP 45,686 ",FLX.2023.SO.000006,FLX.2023.M.INV.00005,ElEsraa Prepress,"EGP 365,486 ","EGP 51,168 ","EGP 416,654 ",2023/144,2023-P01,39.9,"EGP 3,364 ",0,"EGP 2,018 ","EGP 250,003 ",31.60%,"EGP 31,250 ","EGP 45,686 ","EGP 52,082 ",Repro House,120,15-May-23,15
7-Jun-23,Fuji,Plate,Solvent,Analog,3.94,1067 x 1524 mm,Flexo Solvent Analog Plate 3.94 / 1067 x 1524 mm,FC2003735,2,19.5,12,"EGP 2,807 ","EGP 4,565 ","EGP 27,387 ",FLX.2023.SO.000010,FLX.2023.M.INV.00008,flx home,"EGP 54,774 ","EGP 7,668 ","EGP 62,443 ",2023/147,2023-P01,39.44,"EGP 3,200 ",0,"EGP 1,995 ","EGP 38,920 ",28.90%,"EGP 19,460 ","EGP 27,387 ","EGP 31,221 ",Repro House,0,15-May-23,23
7-Jun-23,Fuji,Plate,Solvent,Analog,2.84,1067 x 1524 mm,Flexo Solvent Analog Plate 2.84 / 1067 x 1524 mm,FC2007777,1,13,8,"EGP 2,807 ","EGP 4,565 ","EGP 36,516 ",FLX.2023.SO.000010,FLX.2023.M.INV.00008,flx home,"EGP 36,516 ","EGP 5,112 ","EGP 41,628 ",2023/147,2023-P01,39.44,"EGP 3,200 ",0,"EGP 1,995 ","EGP 25,947 ",28.90%,"EGP 25,947 ","EGP 36,516 ","EGP 41,628 ",Repro House,0,15-May-23,23
7-Jun-23,Fuji,Plate,Solvent,Digital,3.94,1270 x 2032 mm,Flexo Solvent Digital Plate 3.94 / 1270 x 2032 mm,FC2009933,2,31,12,"EGP 2,982 ","EGP 7,697 ","EGP 46,180 ",FLX.2023.SO.000009,FLX.2023.M.INV.00007,Smart Four Flexo,"EGP 92,360 ","EGP 12,930 ","EGP 105,290 ",2023/144,2023-P01,39.9,"EGP 3,400 ",0,"EGP 2,018 ","EGP 62,501 ",32.30%,"EGP 31,250 ","EGP 46,180 ","EGP 52,645 ",Repro House,32,15-May-23,23
8-Jun-23,Fuji,Plate,Solvent,Digital,1.14,900 x 1200 mm,Flexo Solvent Digital Plate 1.14 / 900 x 1200 mm,FC2003728,13,168.5,156,"EGP 2,807 ","EGP 3,032 ","EGP 36,379 ",FLX.2023.SO.000011,FLX.2023.M.INV.00009,Hayat,"EGP 472,926 ","EGP 66,210 ","EGP 539,136 ",2023/144,2023-P01,39.9,"EGP 3,200 ",0,"EGP 2,018 ","EGP 340,035 ",28.10%,"EGP 26,157 ","EGP 36,379 ","EGP 41,472 ",Wide Web,7,15-May-23,24
8-Jun-23,Fuji,Plate,Solvent,Digital,1.14,1067 x 1524 mm,Flexo Solvent Digital Plate 1.14 / 1067 x 1524 mm,FC2003730,10,195.1,120,"EGP 2,807 ","EGP 4,565 ","EGP 54,774 ",FLX.2023.SO.000011,FLX.2023.M.INV.00009,Hayat,"EGP 547,742 ","EGP 76,684 ","EGP 624,425 ",2023/144,2023-P01,39.9,"EGP 3,200 ",0,"EGP 2,018 ","EGP 393,827 ",28.10%,"EGP 39,383 ","EGP 54,774 ","EGP 62,443 ",Wide Web,7,15-May-23,24
8-Jun-23,Fuji,Plate,Solvent,Digital,1.14,1067 x 1524 mm,Flexo Solvent Digital Plate 1.14 / 1067 x 1524 mm,FC2003730,10,195.1,120,"EGP 2,807 ","EGP 4,565 ","EGP 54,774 ",FLX.2023.SO.000011,FLX.2023.M.INV.00009,Hayat,"EGP 547,742 ","EGP 76,684 ","EGP 624,425 ",2023/147,2023-P01,39.44,"EGP 3,200 ",0,"EGP 1,995 ","EGP 389,204 ",28.90%,"EGP 38,920 ","EGP 54,774 ","EGP 62,443 ",Wide Web,7,15-May-23,24
8-Jun-23,Fuji,Plate,Solvent,Digital,1.14,1270 x 2032 mm,Flexo Solvent Digital Plate 1.14 / 1270 x 2032 mm,FC2003731,6,185.8,72,"EGP 2,807 ","EGP 7,244 ","EGP 86,927 ",FLX.2023.SO.000011,FLX.2023.M.INV.00009,Hayat,"EGP 521,561 ","EGP 73,019 ","EGP 594,579 ",2023/144,2023-P01,39.9,"EGP 3,200 ",0,"EGP 2,018 ","EGP 375,004 ",28.10%,"EGP 62,501 ","EGP 86,927 ","EGP 99,097 ",Wide Web,7,15-May-23,24
25-Jun-23,Fuji,Plate,Solvent,Analog,3.94,1067 x 1524 mm,Flexo Solvent Analog Plate 3.94 / 1067 x 1524 mm,FC2003735,10,97.6,60,"EGP 2,895 ","EGP 4,707 ","EGP 28,242.9 ",FLX.2023.SO.000013,FLX.2023.M.INV.00010,Flexo 24,"EGP 282,429 ","EGP 39,540 ","EGP 321,969 ",2023/147,2023-P01,39.44,"EGP 3,300 ",0,"EGP 1,995 ","EGP 194,602 ",31.10%,"EGP 19,460 ","EGP 28,243 ","EGP 32,197 ",Repro House,-3,15-May-23,41
25-Jun-23,Fuji,Plate,Solvent,Analog,3.94,1067 x 1524 mm,Flexo Solvent Analog Plate 3.94 / 1067 x 1524 mm,FC2003735,3,29.3,18,"EGP 2,807 ","EGP 4,565 ","EGP 27,387 ",FLX.2023.SO.000012,FLX.2023.M.INV.00011,flx home,"EGP 82,161 ","EGP 11,503 ","EGP 93,664 ",2023/147,2023-P01,39.44,"EGP 3,200 ",0,"EGP 1,995 ","EGP 58,381 ",28.90%,"EGP 19,460 ","EGP 27,387 ","EGP 31,221 ",Repro House,0,15-May-23,41
11-Jul-23,Fuji,Plate,Solvent,Analog,3.94,1067 x 1524 mm,Flexo Solvent Analog Plate 3.94 / 1067 x 1524 mm,FC2003735,3,29.3,18,"EGP 2,895 ","EGP 4,707 ","EGP 28,243 ",FLX.2023.SO.000014,FLX.2023.M.INV.00012,flx importing,"EGP 84,729 ","EGP 11,862 ","EGP 96,591 ",2023/147,2023-P01,39.44,"EGP 3,300 ",0,"EGP 1,995 ","EGP 58,381 ",31.10%,"EGP 19,460 ","EGP 28,243 ","EGP 32,197 ",Repro House,0,15-May-23,57
18-Jul-23,Fuji,Plate,Solvent,Analog,3.94,1067 x 1524 mm,Flexo Solvent Analog Plate 3.94 / 1067 x 1524 mm,FC2003735,3,29.3,18,"EGP 2,895 ","EGP 4,707 ","EGP 28,243 ",FLX.2023.SO.000015,FLX.2023.M.INV.00013,flx importing,"EGP 84,729 ","EGP 11,862 ","EGP 96,591 ",2023/147,2023-P01,39.44,"EGP 3,300 ",0,"EGP 1,995 ","EGP 58,381 ",31.10%,"EGP 19,460 ","EGP 28,243 ","EGP 32,197 ",Repro House,0,15-May-23,64
25-Jul-23,Fuji,Plate,Solvent,Analog,3.94,1067 x 1524 mm,Flexo Solvent Analog Plate 3.94 / 1067 x 1524 mm,FC2003735,2,19.5,12,"EGP 2,895 ","EGP 4,707 ","EGP 28,243 ",FLX.2023.SO.000016,FLX.2023.M.INV.00014,flx importing,"EGP 56,486 ","EGP 7,908 ","EGP 64,394 ",2023/147,2023-P01,39.44,"EGP 3,300 ",0,"EGP 1,995 ","EGP 38,920 ",31.10%,"EGP 19,460 ","EGP 28,243 ","EGP 32,197 ",Repro House,0,15-May-23,71
27-Jul-23,Fuji,Plate,Solvent,Analog,3.94,1067 x 1524 mm,Flexo Solvent Analog Plate 3.94 / 1067 x 1524 mm,FC2003735,2,19.5,12,"EGP 2,807 ","EGP 4,565 ","EGP 27,387 ",FLX.2023.SO.000017,FLX.2023.M.INV.00015,flx home,"EGP 54,774 ","EGP 7,668 ","EGP 62,443 ",2023/147,2023-P01,39.44,"EGP 3,200 ",0,"EGP 1,995 ","EGP 38,920 ",28.90%,"EGP 19,460 ","EGP 27,387 ","EGP 31,221 ",Repro House,0,15-May-23,73
27-Jul-23,Fuji,Plate,Solvent,Analog,3.94,1067 x 1524 mm,Flexo Solvent Analog Plate 3.94 / 1067 x 1524 mm,FC2003735,1,9.8,6,"EGP 2,807 ","EGP 4,565 ","EGP 27,387 ",FLX.2023.SO.000017,FLX.2023.M.INV.00015,flx home,"EGP 27,387 ","EGP 3,834 ","EGP 31,221 ",2023/144,2023-P01,39.9,"EGP 3,200 ",0,"EGP 2,018 ","EGP 19,691 ",28.10%,"EGP 19,691 ","EGP 27,387 ","EGP 31,221 ",Repro House,0,15-May-23,73
7-Aug-23,Fuji,Plate,Solvent,Analog,2.84,1067 x 1524 mm,Flexo Solvent Analog Plate 2.84 / 1067 x 1524 mm,FC2007777,2,26,16,"EGP 2,719 ","EGP 4,422 ","EGP 35,375 ",FLX.2023.SO.000018,FLX.2023.M.INV.00016,alshrouk,"EGP 70,750 ","EGP 9,905 ","EGP 80,655 ",2023/147,2023-P01,39.44,"EGP 3,100 ",0,"EGP 1,995 ","EGP 51,894 ",26.70%,"EGP 25,947 ","EGP 35,375 ","EGP 40,327 ",Repro House,0,15-May-23,84
10-Aug-23,Fuji,Plate,Solvent,Analog,2.84,1067 x 1524 mm,Flexo Solvent Analog Plate 2.84 / 1067 x 1524 mm,FC2007777,1,13,8,"EGP 2,719 ","EGP 4,422 ","EGP 35,375 ",FLX.2023.SO.000019,FLX.2023.M.INV.00017,essam,"EGP 35,375 ","EGP 4,952 ","EGP 40,327 ",2023/147,2023-P01,39.44,"EGP 3,100 ",0,"EGP 1,995 ","EGP 25,947 ",26.70%,"EGP 25,947 ","EGP 35,375 ","EGP 40,327 ",Repro House,5,15-May-23,87
15-Aug-23,Fuji,Plate,Solvent,Analog,3.94,1067 x 1524 mm,Flexo Solvent Analog Plate 3.94 / 1067 x 1524 mm,FC2003735,1,9.8,6,"EGP 2,807 ","EGP 4,565 ","EGP 27,387 ",FLX.2023.SO.000023,FLX.2023.M.INV.00020,essam,"EGP 27,387 ","EGP 3,834 ","EGP 31,221 ",2023/144,2023-P01,39.9,"EGP 3,200 ",0,"EGP 2,018 ","EGP 19,691 ",28.10%,"EGP 19,691 ","EGP 27,387 ","EGP 31,221 ",Repro House,0,15-May-23,92
10-Aug-23,Fuji,Plate,Solvent,Analog,3.94,1067 x 1524 mm,Flexo Solvent Analog Plate 3.94 / 1067 x 1524 mm,FC2003735,1,9.8,6,"EGP 2,807 ","EGP 4,565 ","EGP 27,387 ",FLX.2023.SO.000020,FLX.2023.M.INV.00018,Hammoda,"EGP 27,387 ","EGP 3,834 ","EGP 31,221 ",2023/144,2023-P01,39.9,"EGP 3,200 ",0,"EGP 2,018 ","EGP 19,691 ",28.10%,"EGP 19,691 ","EGP 27,387 ","EGP 31,221 ",Repro House,0,15-May-23,87
10-Aug-23,Fuji,Plate,Solvent,Analog,2.84,1067 x 1524 mm,Flexo Solvent Analog Plate 2.84 / 1067 x 1524 mm,FC2007777,1,13,8,"EGP 2,719 ","EGP 4,422 ","EGP 35,375 ",FLX.2023.SO.000020,FLX.2023.M.INV.00018,Hammoda,"EGP 35,375 ","EGP 4,952 ","EGP 40,327 ",2023/147,2023-P01,39.44,"EGP 3,100 ",0,"EGP 1,995 ","EGP 25,947 ",26.70%,"EGP 25,947 ","EGP 35,375 ","EGP 40,327 ",Repro House,0,15-May-23,87
15-Aug-23,Fuji,Plate,Solvent,Analog,2.84,1067 x 1524 mm,Flexo Solvent Analog Plate 2.84 / 1067 x 1524 mm,FC2007777,1,13,8,"EGP 2,807 ","EGP 4,565 ","EGP 36,516 ",FLX.2023.SO.000024,FLX.2023.M.INV.00021,CMX,"EGP 36,516 ","EGP 5,112 ","EGP 41,628.0 ",2023/147,2023-P01,39.44,"EGP 3,200 ",0,"EGP 1,995 ","EGP 25,947 ",28.90%,"EGP 25,947 ","EGP 36,516 ","EGP 41,628 ",Repro House,0,15-May-23,92
13-Aug-23,Sakata,Ink,SUPERNOVA,White,,,Flexo Ink SUPERNOVA White,FC2003723,80,400,400,EGP 720 ,EGP 720 ,"EGP 3,600 ",FLX.2023.SO.000022,FLX.2023.M.INV.00019,Pacman CCL,"EGP 288,000 ","EGP 40,320 ","EGP 328,320 ",2023/172,2023-I01,39,EGP 821 ,0,EGP 668 ,"EGP 267,013 ",7.30%,"EGP 3,338 ","EGP 3,600 ","EGP 4,104 ",Label,31,26-Jul-23,18
26-Jul-23,Sakata,Ink,SUPERNOVA,White,,,Flexo Ink SUPERNOVA White,FC2003723,1,5,5,EGP 0 ,EGP 0 ,EGP 0 ,Samples,YAG-TO003175,Tulip for Printing,EGP 0 ,EGP 0 ,EGP 0 ,2023/172,2023-I01,39,EGP 0 ,0,EGP 668 ,"EGP 3,338 ",0.00%,"EGP 3,338 ",EGP 0 ,EGP 0 ,Label,0,26-Jul-23,0
26-Jul-23,Sakata,Ink,PROCESS,Black,,,Flexo Ink PROCESS Black,FC2003724,1,5,5,EGP 0 ,EGP 0 ,EGP 0 ,Samples,YAG-TO003175,Tulip for Printing,EGP 0 ,EGP 0 ,EGP 0 ,2023/172,2023-I01,39,EGP 0 ,0,EGP 4 ,EGP 22 ,0.00%,EGP 22 ,EGP 0 ,EGP 0 ,Label,0,26-Jul-23,0
26-Jul-23,Sakata,Ink,PROCESS,Cyan,,,Flexo Ink PROCESS Cyan,FC2003725,1,5,5,EGP 0 ,EGP 0 ,EGP 0 ,Samples,YAG-TO003175,Tulip for Printing,EGP 0 ,EGP 0 ,EGP 0 ,2023/172,2023-I01,39,EGP 0 ,0,EGP 4 ,EGP 22 ,0.00%,EGP 22 ,EGP 0 ,EGP 0 ,Label,0,26-Jul-23,0
26-Jul-23,Sakata,Ink,PROCESS,Magenta,,,Flexo Ink PROCESS Magenta,FC2003726,1,5,5,EGP 0 ,EGP 0 ,EGP 0 ,Samples,YAG-TO003175,Tulip for Printing,EGP 0 ,EGP 0 ,EGP 0 ,2023/172,2023-I01,39,EGP 0 ,0,EGP 4 ,EGP 22 ,0.00%,EGP 22 ,EGP 0 ,EGP 0 ,Label,0,26-Jul-23,0
26-Jul-23,Sakata,Ink,PROCESS,Yellow,,,Flexo Ink PROCESS Yellow,FC2003727,1,5,5,EGP 0 ,EGP 0 ,EGP 0 ,Samples,YAG-TO003175,Tulip for Printing,EGP 0 ,EGP 0 ,EGP 0 ,2023/172,2023-I01,39,EGP 0 ,0,EGP 4 ,EGP 22 ,0.00%,EGP 22 ,EGP 0 ,EGP 0 ,Label,0,26-Jul-23,0
26-Jul-23,Sakata,Ink,SLEEVE,White,,,Flexo Ink SLEEVE White,FC2002222,1,5,5,EGP 0 ,EGP 0 ,EGP 0 ,Samples,YAG-TO003175,Tulip for Printing,EGP 0 ,EGP 0 ,EGP 0 ,2023/172,2023-I01,39,EGP 0 ,0,EGP 4 ,EGP 22 ,0.00%,EGP 22 ,EGP 0 ,EGP 0 ,Label,0,26-Jul-23,0
27-Aug-23,Fuji,Plate,Solvent,Analog,3.94,1067 x 1524 mm,Flexo Solvent Analog Plate 3.94 / 1067 x 1524 mm,FC2003735,3,29.3,18,"EGP 2,807 ","EGP 4,565 ","EGP 27,387 ",FLX.2023.SO.000025,FLX.2023.M.INV.00022,Hammoda,"EGP 82,161 ","EGP 11,503 ","EGP 93,664 ",2023/144,2023-P01,39.9,"EGP 3,200 ",0,"EGP 2,018 ","EGP 59,074 ",28.10%,"EGP 19,691 ","EGP 27,387 ","EGP 31,221 ",Repro House,31,15-May-23,104
27-Aug-23,Fuji,Plate,Solvent,Analog,2.84,1067 x 1524 mm,Flexo Solvent Analog Plate 2.84 / 1067 x 1524 mm,FC2007777,2,26,16,"EGP 2,719 ","EGP 4,422 ","EGP 35,375 ",FLX.2023.SO.000025,FLX.2023.M.INV.00022,Hammoda,"EGP 70,750 ","EGP 9,905 ","EGP 80,655 ",2023/147,2023-P01,39.44,"EGP 3,100 ",0,"EGP 1,995 ","EGP 51,894 ",26.70%,"EGP 25,947 ","EGP 35,375 ","EGP 40,327 ",Repro House,31,15-May-23,104
27-Aug-23,Fuji,Plate,Solvent,Analog,2.84,1067 x 1524 mm,Flexo Solvent Analog Plate 2.84 / 1067 x 1524 mm,FC2007777,2,26,16,"EGP 2,719 ","EGP 4,422 ","EGP 35,375 ",FLX.2023.SO.000026,FLX.2023.M.INV.00023,alshrouk,"EGP 70,750 ","EGP 9,905 ","EGP 80,655 ",2023/147,2023-P01,39.44,"EGP 3,100 ",0,"EGP 1,995 ","EGP 51,894 ",26.70%,"EGP 25,947 ","EGP 35,375 ","EGP 40,327 ",Repro House,0,15-May-23,104
27-Aug-23,Fuji,Plate,Solvent,Analog,2.84,1067 x 1524 mm,Flexo Solvent Analog Plate 2.84 / 1067 x 1524 mm,FC2007777,1,13,8,"EGP 2,719 ","EGP 4,422 ","EGP 35,375 ",FLX.2023.SO.000026,FLX.2023.M.INV.00023,alshrouk,"EGP 35,375 ","EGP 4,952 ","EGP 40,327 ",2023/144,2023-P01,39.9,"EGP 3,100 ",0,"EGP 2,018 ","EGP 26,255 ",25.80%,"EGP 26,255 ","EGP 35,375 ","EGP 40,327 ",Repro House,0,15-May-23,104
28-Aug-23,Fuji,Plate,Solvent,Analog,2.84,1067 x 1524 mm,Flexo Solvent Analog Plate 2.84 / 1067 x 1524 mm,FC2007777,1,13,8,"EGP 2,719 ","EGP 4,422 ","EGP 35,375 ",FLX.2023.SO.000027,FLX.2023.M.INV.00025,Sawfa,"EGP 35,375 ","EGP 4,952 ","EGP 40,327 ",2023/144,2023-P01,39.9,"EGP 3,100 ",0,"EGP 2,018 ","EGP 26,255 ",25.80%,"EGP 26,255 ","EGP 35,375 ","EGP 40,327 ",Repro House,0,15-May-23,105
28-Aug-23,Fuji,Plate,Solvent,Analog,2.84,1067 x 1524 mm,Flexo Solvent Analog Plate 2.84 / 1067 x 1524 mm,FC2007777,1,13,8,"EGP 2,719 ","EGP 4,422 ","EGP 35,375 ",FLX.2023.SO.000028,FLX.2023.M.INV.00024,Pioneers,"EGP 35,375 ","EGP 4,952 ","EGP 40,327 ",2023/144,2023-P01,39.9,"EGP 3,100 ",0,"EGP 2,018 ","EGP 26,255 ",25.80%,"EGP 26,255 ","EGP 35,375 ","EGP 40,327 ",Repro House,0,15-May-23,105
29-Aug-23,Fuji,Plate,Solvent,Analog,2.84,1067 x 1524 mm,Flexo Solvent Analog Plate 2.84 / 1067 x 1524 mm,FC2007777,1,13,8,"EGP 2,719 ","EGP 4,422 ","EGP 35,375 ",FLX.2023.SO.000029,FLX.2023.M.INV.00026,progress,"EGP 35,375 ","EGP 4,952 ","EGP 40,327 ",2023/144,2023-P01,39.9,"EGP 3,100 ",0,"EGP 2,018 ","EGP 26,255 ",25.80%,"EGP 26,255 ","EGP 35,375 ","EGP 40,327 ",Repro House,0,15-May-23,106
29-Aug-23,Fuji,Plate,Solvent,Analog,2.84,1067 x 1524 mm,Flexo Solvent Analog Plate 2.84 / 1067 x 1524 mm,FC2007777,1,13,8,"EGP 2,719 ","EGP 4,422 ","EGP 35,375 ",FLX.2023.SO.000030,FLX.2023.M.INV.00027,daso,"EGP 35,375 ","EGP 4,952 ","EGP 40,327 ",2023/144,2023-P01,39.9,"EGP 3,100 ",0,"EGP 2,018 ","EGP 26,255 ",25.80%,"EGP 26,255 ","EGP 35,375 ","EGP 40,327 ",Repro House,0,15-May-23,106
3-Sep-23,Fuji,Plate,Solvent,Digital,1.14,1270 x 2032 mm,Flexo Solvent Digital Plate 1.14 / 1270 x 2032 mm,FC2003731,10,309.7,120,"EGP 2,763 ","EGP 7,131 ","EGP 85,569 ",FLX.2023.SO.000032,FLX.2023.M.INV.00029,Pacman CCL,"EGP 855,686 ","EGP 119,796 ","EGP 975,482 ",2023/233,2023-P02,40.28,"EGP 3,150 ",0,"EGP 2,050 ","EGP 634,817 ",25.80%,"EGP 63,482 ","EGP 85,569 ","EGP 97,548 ",Label,35,1-Sep-23,2
3-Sep-23,Fuji,Plate,Solvent,Digital,1.14,1270 x 2032 mm,Flexo Solvent Digital Plate 1.14 / 1270 x 2032 mm,FC2003731,10,309.7,120,"EGP 2,763 ","EGP 7,131 ","EGP 85,569 ",FLX.2023.SO.000032,FLX.2023.M.INV.00029,Pacman CCL,"EGP 855,686 ","EGP 119,796 ","EGP 975,482 ",2023/234,2023-P02,40.28,"EGP 3,150 ",0,"EGP 2,035 ","EGP 630,308 ",26.30%,"EGP 63,031 ","EGP 85,569 ","EGP 97,548 ",Label,35,1-Sep-23,2
31-Aug-23,Fuji,Plate,Solvent,Analog,2.84,1067 x 1524 mm,Flexo Solvent Analog Plate 2.84 / 1067 x 1524 mm,FC2007777,2,26,16,"EGP 2,719 ","EGP 4,422 ","EGP 35,375 ",FLX.2023.SO.000033,FLX.2023.M.INV.00028,CMX,"EGP 70,750 ","EGP 9,905 ","EGP 80,655 ",2023/144,2023-P01,39.9,"EGP 3,100 ",0,"EGP 2,018 ","EGP 52,510 ",25.80%,"EGP 26,255 ","EGP 35,375 ","EGP 40,327 ",Repro House,0,15-May-23,108
3-Sep-23,Fuji,Plate,Solvent,Digital,1.14,900 x 1200 mm,Flexo Solvent Digital Plate 1.14 / 900 x 1200 mm,FC2003728,10,129.6,120,"EGP 2,763 ","EGP 2,984 ","EGP 35,811 ",FLX.2023.SO.000031,FLX.2023.M.INV.00030,Pacman CCL,"EGP 358,105 ","EGP 50,135 ","EGP 408,240 ",2023/233,2023-P02,40.28,"EGP 3,150 ",0,"EGP 2,050 ","EGP 265,663 ",25.80%,"EGP 26,566 ","EGP 35,811 ","EGP 40,824 ",Label,35,1-Sep-23,2
3-Sep-23,Fuji,Plate,Solvent,Digital,1.14,900 x 1200 mm,Flexo Solvent Digital Plate 1.14 / 900 x 1200 mm,FC2003728,10,129.6,120,"EGP 2,763 ","EGP 2,984 ","EGP 35,811 ",FLX.2023.SO.000031,FLX.2023.M.INV.00030,Pacman CCL,"EGP 358,105 ","EGP 50,135 ","EGP 408,240 ",2023/234,2023-P02,40.28,"EGP 3,150 ",0,"EGP 2,035 ","EGP 263,775 ",26.30%,"EGP 26,378 ","EGP 35,811 ","EGP 40,824 ",Label,35,1-Sep-23,2
3-Sep-23,Fuji,Plate,Solvent,Digital,1.14,900 x 1200 mm,Flexo Solvent Digital Plate 1.14 / 900 x 1200 mm,FC2003728,10,129.6,120,"EGP 2,763 ","EGP 2,984 ","EGP 35,811 ",FLX.2023.SO.000031,FLX.2023.M.INV.00030,Pacman CCL,"EGP 358,105 ","EGP 50,135 ","EGP 408,240 ",2023/235,2023-P02,40.28,"EGP 3,150 ",0,"EGP 2,056 ","EGP 266,415 ",25.60%,"EGP 26,642 ","EGP 35,811 ","EGP 40,824 ",Label,35,1-Sep-23,2
3-Sep-23,Fuji,Plate,Solvent,Digital,2.54,1270 x 2032 mm,Flexo Solvent Digital Plate 2.54 / 1270 x 2032 mm,FC2003733,1,23.2,9,"EGP 2,851 ","EGP 7,357 ","EGP 66,214 ",FLX.2023.SO.000034,FLX.2023.M.INV.00031,INCH,"EGP 66,214 ","EGP 9,270 ","EGP 75,484 ",2023/233,2023-P02,40.28,"EGP 3,250 ",0,"EGP 2,119 ","EGP 49,206 ",25.70%,"EGP 49,206 ","EGP 66,214 ","EGP 75,484 ",Repro House,0,1-Sep-23,2
4-Sep-23,Fuji,Plate,Solvent,Digital,1.14,1270 x 2032 mm,Flexo Solvent Digital Plate 1.14 / 1270 x 2032 mm,FC2003731,10,309.7,120,"EGP 2,719 ","EGP 7,018 ","EGP 84,210 ",FLX.2023.SO.000035,FLX.2023.M.INV.00033,Unidots,"EGP 842,104 ","EGP 117,895 ","EGP 959,998 ",2023/235,2023-P02,40.28,"EGP 3,100 ",0,"EGP 2,056 ","EGP 636,616 ",24.40%,"EGP 63,662 ","EGP 84,210 ","EGP 96,000 ",Repro House,67,1-Sep-23,3
4-Sep-23,Fuji,Plate,Solvent,Analog,2.84,1067 x 1524 mm,Flexo Solvent Analog Plate 2.84 / 1067 x 1524 mm,FC2007777,1,13,8,"EGP 2,719 ","EGP 4,422 ","EGP 35,375 ",FLX.2023.SO.000036,FLX.2023.M.INV.00032,Sawfa,"EGP 35,375 ","EGP 4,952 ","EGP 40,327 ",2023/144,2023-P01,39.9,"EGP 3,100 ",0,"EGP 2,018 ","EGP 26,255 ",25.80%,"EGP 26,255 ","EGP 35,375 ","EGP 40,327 ",Repro House,0,15-May-23,112
5-Sep-23,Fuji,Plate,Solvent,Digital,2.54,1270 x 2032 mm,Flexo Solvent Digital Plate 2.54 / 1270 x 2032 mm,FC2003733,1,23.2,9,"EGP 2,851 ","EGP 7,357 ","EGP 66,214 ",FLX.2023.SO.000037,FLX.2023.M.INV.00034,INCH,"EGP 66,214 ","EGP 9,270 ","EGP 75,484 ",2023/233,2023-P02,40.28,"EGP 3,250 ",0,"EGP 2,119 ","EGP 49,206 ",25.70%,"EGP 49,206 ","EGP 66,214 ","EGP 75,484 ",Repro House,1,1-Sep-23,4
6-Sep-23,Fuji,Plate,Solvent,Digital,2.54,1270 x 2032 mm,Flexo Solvent Digital Plate 2.54 / 1270 x 2032 mm,FC2003733,1,23.2,9,"EGP 2,807 ","EGP 7,244 ","EGP 65,195 ",FLX.2023.SO.000038,FLX.2023.M.INV.00035,Smart Four Flexo,"EGP 65,195 ","EGP 9,127 ","EGP 74,322 ",2023/233,2023-P02,40.28,"EGP 3,200 ",0,"EGP 2,119 ","EGP 49,206 ",24.50%,"EGP 49,206 ","EGP 65,195 ","EGP 74,322 ",Repro House,32,1-Sep-23,5
6-Sep-23,Fuji,Plate,Solvent,Digital,2.54,1270 x 2032 mm,Flexo Solvent Digital Plate 2.54 / 1270 x 2032 mm,FC2003733,1,23.2,9,"EGP 2,807 ","EGP 7,244 ","EGP 65,195 ",FLX.2023.SO.000038,FLX.2023.M.INV.00035,Smart Four Flexo,"EGP 65,195 ","EGP 9,127 ","EGP 74,322 ",2023/234,2023-P02,40.28,"EGP 3,200 ",0,"EGP 2,035 ","EGP 47,273 ",27.50%,"EGP 47,273 ","EGP 65,195 ","EGP 74,322 ",Repro House,32,1-Sep-23,5
11-Sep-23,Fuji,Plate,Solvent,Analog,3.94,1067 x 1524 mm,Flexo Solvent Analog Plate 3.94 / 1067 x 1524 mm,FC2003735,2,19.5,12,"EGP 2,807 ","EGP 4,565 ","EGP 27,387 ",FLX.2023.SO.000040,FLX.2023.M.INV.00036,essam,"EGP 54,774 ","EGP 7,668 ","EGP 62,443 ",2023/144,2023-P01,39.9,"EGP 3,200 ",0,"EGP 2,018 ","EGP 39,383 ",28.10%,"EGP 19,691 ","EGP 27,387 ","EGP 31,221 ",Repro House,-1,15-May-23,119
11-Sep-23,Fuji,Plate,Solvent,Digital,2.54,1270 x 2032 mm,Flexo Solvent Digital Plate 2.54 / 1270 x 2032 mm,FC2003733,2,46.5,18,"EGP 2,807 ","EGP 7,244 ","EGP 65,195 ",FLX.2023.SO.000041,FLX.2023.M.INV.00037,FLX DIG.,"EGP 130,390 ","EGP 18,255 ","EGP 148,645 ",2023/234,2023-P02,40.28,"EGP 3,200 ",0,"EGP 2,035 ","EGP 94,546 ",27.50%,"EGP 47,273 ","EGP 65,195 ","EGP 74,322 ",Repro House,36,1-Sep-23,10
11-Sep-23,Fuji,Plate,Solvent,Digital,2.54,1270 x 2032 mm,Flexo Solvent Digital Plate 2.54 / 1270 x 2032 mm,FC2003733,3,69.7,27,"EGP 2,807 ","EGP 7,244 ","EGP 65,195 ",FLX.2023.SO.000041,FLX.2023.M.INV.00037,FLX DIG.,"EGP 195,585 ","EGP 27,382 ","EGP 222,967 ",2023/235,2023-P02,40.28,"EGP 3,200 ",0,"EGP 2,003 ","EGP 139,550 ",28.70%,"EGP 46,517 ","EGP 65,195 ","EGP 74,322 ",Repro House,36,1-Sep-23,10
18-Sep-23,Fuji,Plate,Solvent,Digital,1.14,1067 x 1524 mm,Flexo Solvent Digital Plate 1.14 / 1067 x 1524 mm,FC2003730,2,39,24,"EGP 2,807 ","EGP 4,565 ","EGP 54,774 ",FLX.2023.SO.000042,FLX.2023.M.INV.00038,Elif,"EGP 109,548 ","EGP 15,337 ","EGP 124,885 ",2023/233,2023-P02,40.28,"EGP 3,200 ",0,"EGP 2,050 ","EGP 80,000 ",27.00%,"EGP 40,000 ","EGP 54,774 ","EGP 62,443 ",Wide Web,52,1-Sep-23,17
26-Sep-23,Fuji,Plate,Solvent,Digital,1.7,1270 x 2032 mm,Flexo Solvent Digital Plate 1.7 / 1270 x 2032 mm,FC2003732,1,25.8,10,"EGP 2,719 ","EGP 7,018 ","EGP 70,175 ",FLX.2023.SO.000043,FLX.2023.M.INV.00039,Unidots,"EGP 70,175 ","EGP 9,825 ","EGP 80,000 ",2023/233,2023-P02,40.28,"EGP 3,100 ",0,"EGP 2,119 ","EGP 54,673 ",22.10%,"EGP 54,673 ","EGP 70,175 ","EGP 80,000 ",Repro House,67,1-Sep-23,25
27-Sep-23,Sakata,Ink,Varnish,Flexo & Offset,,,Flexo Ink Varnish Flexo & Offset,FC2003333,50,"1,000.00","1,000",EGP 325 ,EGP 325 ,"EGP 6,500 ",FLX.2023.SO.000048,FLX.2023.M.INV.00043,Pacman CCL,"EGP 325,000 ","EGP 45,500 ","EGP 370,500 ",2023/172,2023-I01,39,EGP 371 ,0,EGP 301 ,"EGP 300,937 ",7.40%,"EGP 6,019 ","EGP 6,500 ","EGP 7,410 ",Label,30,26-Jul-23,63
4-Oct-23,Fuji,Plate,Solvent,Digital,1.7,1270 x 2032 mm,Flexo Solvent Digital Plate 1.7 / 1270 x 2032 mm,FC2003732,2,51.6,20,"EGP 2,719 ","EGP 7,018 ","EGP 70,175 ",FLX.2023.SO.000049,FLX.2023.M.INV.00040,Unidots,"EGP 140,351 ","EGP 19,649 ","EGP 160,000 ",2023/233,2023-P02,40.28,"EGP 3,100 ",0,"EGP 2,119 ","EGP 109,346 ",22.10%,"EGP 54,673 ","EGP 70,175 ","EGP 80,000 ",Repro House,73,1-Sep-23,33
8-Oct-23,Sakata,Ink,SUPERNOVA,White,,,Flexo Ink SUPERNOVA White,FC2003723,119,595,595,EGP 720 ,EGP 720 ,"EGP 3,600 ",FLX.2023.SO.000050,FLX.2023.M.INV.00041,Pacman CCL,"EGP 428,400 ","EGP 59,976 ","EGP 488,376 ",2023/172,2023-I01,39,EGP 821 ,0,EGP 668 ,"EGP 397,182 ",7.30%,"EGP 3,338 ","EGP 3,600 ","EGP 4,104 ",Label,34,26-Jul-23,74
8-Oct-23,Fuji,Plate,Solvent,Analog,3.94,1067 x 1524 mm,Flexo Solvent Analog Plate 3.94 / 1067 x 1524 mm,FC2003735,5,48.8,30,"EGP 2,719 ","EGP 4,422 ","EGP 26,531 ",FLX.2023.SO.000051,FLX.2023.M.INV.00042,essam,"EGP 132,656 ","EGP 18,572 ","EGP 151,228 ",2023/144,2023-P01,39.9,"EGP 3,100 ",0,"EGP 2,018 ","EGP 98,457 ",25.80%,"EGP 19,691 ","EGP 26,531 ","EGP 30,246 ",Repro House,28,15-May-23,146
10-Oct-23,Fuji,Plate,Solvent,Digital,1.7,1270 x 2032 mm,Flexo Solvent Digital Plate 1.7 / 1270 x 2032 mm,FC2003732,1,25.8,10,"EGP 2,719 ","EGP 7,018 ","EGP 70,175 ",FLX.2023.SO.000052,FLX.2023.M.INV.00044,Al Taraki,"EGP 70,175 ","EGP 9,825 ","EGP 80,000 ",2023/234,2023-P02,40.28,"EGP 3,100 ",0,"EGP 2,035 ","EGP 52,526 ",25.20%,"EGP 52,526 ","EGP 70,175 ","EGP 80,000 ",Repro House,-1,1-Sep-23,39
11-Oct-23,Fuji,Plate,Solvent,Analog,3.94,1067 x 1524 mm,Flexo Solvent Analog Plate 3.94 / 1067 x 1524 mm,FC2003735,8,78.1,48,"EGP 2,719 ","EGP 4,422 ","EGP 26,531 ",FLX.2023.SO.000053,FLX.2023.M.INV.00048,Flexo 24,"EGP 212,250 ","EGP 29,715 ","EGP 241,965 ",2023/144,2023-P01,39.9,"EGP 3,100 ",0,"EGP 2,018 ","EGP 157,531 ",25.80%,"EGP 19,691 ","EGP 26,531 ","EGP 30,246 ",Repro House,0,15-May-23,149
11-Oct-23,Fuji,Plate,Solvent,Analog,2.84,1067 x 1524 mm,Flexo Solvent Analog Plate 2.84 / 1067 x 1524 mm,FC2007777,2,26,16,"EGP 2,719 ","EGP 4,422 ","EGP 35,375 ",FLX.2023.SO.000053,FLX.2023.M.INV.00048,Flexo 24,"EGP 70,750 ","EGP 9,905 ","EGP 80,655 ",2023/144,2023-P01,39.9,"EGP 3,100 ",0,"EGP 2,018 ","EGP 52,510 ",25.80%,"EGP 26,255 ","EGP 35,375 ","EGP 40,327 ",Repro House,0,15-May-23,149
16-Oct-23,Fuji,Plate,Solvent,Digital,3.94,1270 x 2032 mm,Flexo Solvent Digital Plate 3.94 / 1270 x 2032 mm,FC2009933,4,61.9,24,"EGP 2,895 ","EGP 7,470 ","EGP 44,822 ",FLX.2023.SO.000054,FLX.2023.M.INV.00047,FLX DIG.,"EGP 179,287 ","EGP 25,100 ","EGP 204,387 ",2023/233,2023-P02,40.28,"EGP 3,300 ",0,"EGP 2,320 ","EGP 143,686 ",19.90%,"EGP 35,921 ","EGP 44,822 ","EGP 51,097 ",Repro House,56,1-Sep-23,45
16-Oct-23,Fuji,Plate,Solvent,Digital,3.94,1270 x 2032 mm,Flexo Solvent Digital Plate 3.94 / 1270 x 2032 mm,FC2009933,10,154.8,60,"EGP 2,895 ","EGP 7,470 ","EGP 44,822 ",FLX.2023.SO.000054,FLX.2023.M.INV.00047,FLX DIG.,"EGP 448,216 ","EGP 62,750 ","EGP 510,967 ",2023/234,2023-P02,40.28,"EGP 3,300 ",0,"EGP 2,303 ","EGP 356,662 ",20.40%,"EGP 35,666 ","EGP 44,822 ","EGP 51,097 ",Repro House,56,1-Sep-23,45
16-Oct-23,Fuji,Plate,Solvent,Digital,2.54,1270 x 2032 mm,Flexo Solvent Digital Plate 2.54 / 1270 x 2032 mm,FC2003733,1,23.2,9,"EGP 2,719 ","EGP 7,018 ","EGP 63,158 ",FLX.2023.SO.000054,FLX.2023.M.INV.00047,FLX DIG.,"EGP 63,158 ","EGP 8,842 ","EGP 72,000 ",2023/235,2023-P02,40.28,"EGP 3,100 ",0,"EGP 2,003 ","EGP 46,517 ",26.30%,"EGP 46,517 ","EGP 63,158 ","EGP 72,000 ",Repro House,56,1-Sep-23,45
16-Oct-23,Fuji,Plate,Solvent,Digital,3.94,1270 x 2032 mm,Flexo Solvent Digital Plate 3.94 / 1270 x 2032 mm,FC2009933,5,77.4,30,"EGP 2,895 ","EGP 7,470 ","EGP 44,822 ",FLX.2023.SO.000056,FLX.2023.M.INV.00045,flx importing,"EGP 224,108 ","EGP 31,375 ","EGP 255,483 ",2023/235,2023-P02,40.28,"EGP 3,300 ",0,"EGP 2,326 ","EGP 180,116 ",19.60%,"EGP 36,023 ","EGP 44,822 ","EGP 51,097 ",Repro House,3,1-Sep-23,45
16-Oct-23,Fuji,Plate,Solvent,Analog,3.94,1067 x 1524 mm,Flexo Solvent Analog Plate 3.94 / 1067 x 1524 mm,FC2003735,2,19.5,12,"EGP 2,719 ","EGP 4,422 ","EGP 26,531 ",FLX.2023.SO.000056,FLX.2023.M.INV.00045,flx importing,"EGP 53,062 ","EGP 7,429 ","EGP 60,491 ",2023/144,2023-P01,39.9,"EGP 3,100 ",0,"EGP 2,018 ","EGP 39,383 ",25.80%,"EGP 19,691 ","EGP 26,531 ","EGP 30,246 ",Repro House,3,15-May-23,154
17-Oct-23,Fuji,Plate,Solvent,Analog,3.94,1067 x 1524 mm,Flexo Solvent Analog Plate 3.94 / 1067 x 1524 mm,FC2003735,2,19.5,12,"EGP 2,719 ","EGP 4,422 ","EGP 26,531 ",FLX.2023.SO.000057,FLX.2023.M.INV.00046,CMX,"EGP 53,062 ","EGP 7,429 ","EGP 60,491 ",2023/144,2023-P01,39.9,"EGP 3,100 ",0,"EGP 2,018 ","EGP 39,383 ",25.80%,"EGP 19,691 ","EGP 26,531 ","EGP 30,246 ",Repro House,0,15-May-23,155
17-Oct-23,Fuji,Plate,Solvent,Analog,3.94,1067 x 1524 mm,Flexo Solvent Analog Plate 3.94 / 1067 x 1524 mm,FC2003735,1,9.8,6,"EGP 2,719 ","EGP 4,422 ","EGP 26,531 ",FLX.2023.SO.000057,FLX.2023.M.INV.00046,CMX,"EGP 26,531 ","EGP 3,714 ","EGP 30,246 ",2023/233,2023-P02,40.28,"EGP 3,100 ",0,"EGP 2,161 ","EGP 21,080 ",20.50%,"EGP 21,080 ","EGP 26,531 ","EGP 30,246 ",Repro House,0,1-Sep-23,46
19-Oct-23,Fuji,Plate,Solvent,Digital,1.14,1067 x 1524 mm,Flexo Solvent Digital Plate 1.14 / 1067 x 1524 mm,FC2003730,1,19.5,12,"EGP 2,719 ","EGP 4,422 ","EGP 53,062 ",FLX.2023.SO.000059,FLX.2024.M.INV.00004,Kortuba,"EGP 53,062 ","EGP 7,429 ","EGP 60,491 ",2023/233,2023-P02,40.28,"EGP 3,100 ",0,"EGP 2,050 ","EGP 40,000 ",24.60%,"EGP 40,000 ","EGP 53,062 ","EGP 60,491 ",Repro House,171,1-Sep-23,48
19-Oct-23,Fuji,Plate,Solvent,Digital,3.94,1270 x 2032 mm,Flexo Solvent Digital Plate 3.94 / 1270 x 2032 mm,FC2009933,1,15.5,6,"EGP 2,895 ","EGP 7,470 ","EGP 44,822 ",FLX.2023.SO.000060,FLX.2023.M.INV.00050,Kortuba,EGP 0 ,EGP 0 ,EGP 0 ,2023/233,2023-P02,40.28,"EGP 3,300 ",0,"EGP 2,320 ","EGP 35,921 ",0.00%,"EGP 35,921 ",EGP 0 ,EGP 0 ,Repro House,0,1-Sep-23,48
26-Oct-23,Fuji,Plate,Solvent,Analog,3.94,1067 x 1524 mm,Flexo Solvent Analog Plate 3.94 / 1067 x 1524 mm,FC2003735,2,19.5,12,"EGP 2,719 ","EGP 4,422 ","EGP 26,531 ",FLX.2023.SO.000061,FLX.2023.M.INV.00051,alshrouk,"EGP 53,062 ","EGP 7,429 ","EGP 60,491 ",2023/233,2023-P02,40.28,"EGP 3,100 ",0,"EGP 2,161 ","EGP 42,160 ",20.50%,"EGP 21,080 ","EGP 26,531 ","EGP 30,246 ",Repro House,0,1-Sep-23,55
26-Oct-23,Fuji,Plate,Solvent,Digital,1.14,1067 x 1524 mm,Flexo Solvent Digital Plate 1.14 / 1067 x 1524 mm,FC2003730,2,39,24,"EGP 2,807 ","EGP 4,565 ","EGP 54,774 ",FLX.2023.SO.000062,FLX.2023.M.INV.00052,Hayat,"EGP 109,548 ","EGP 15,337 ","EGP 124,885 ",2023/233,2023-P02,40.28,"EGP 3,200 ",0,"EGP 2,050 ","EGP 80,000 ",27.00%,"EGP 40,000 ","EGP 54,774 ","EGP 62,443 ",Wide Web,14,1-Sep-23,55
26-Oct-23,Fuji,Plate,Solvent,Digital,1.14,1067 x 1524 mm,Flexo Solvent Digital Plate 1.14 / 1067 x 1524 mm,FC2003730,3,58.5,36,"EGP 2,807 ","EGP 4,565 ","EGP 54,774 ",FLX.2023.SO.000062,FLX.2023.M.INV.00052,Hayat,"EGP 164,322 ","EGP 23,005 ","EGP 187,328 ",2023/234,2023-P02,40.28,"EGP 3,200 ",0,"EGP 2,035 ","EGP 119,147 ",27.50%,"EGP 39,716 ","EGP 54,774 ","EGP 62,443 ",Wide Web,14,1-Sep-23,55
29-Oct-23,Fuji,Plate,Solvent,Analog,3.94,1067 x 1524 mm,Flexo Solvent Analog Plate 3.94 / 1067 x 1524 mm,FC2003735,5,48.8,30,"EGP 2,807 ","EGP 4,565 ","EGP 27,387 ",FLX.2023.SO.000063,FLX.2023.M.INV.00054,flx home,"EGP 136,935 ","EGP 19,171 ","EGP 156,106 ",2023/233,2023-P02,40.28,"EGP 3,200 ",0,"EGP 2,161 ","EGP 105,400 ",23.00%,"EGP 21,080 ","EGP 27,387 ","EGP 31,221 ",Repro House,31,1-Sep-23,58
30-Oct-23,Fuji,Plate,Solvent,Analog,3.94,1067 x 1524 mm,Flexo Solvent Analog Plate 3.94 / 1067 x 1524 mm,FC2003735,1,9.8,6,"EGP 2,807 ","EGP 4,565 ","EGP 27,387 ",FLX.2023.SO.000064,FLX.2023.M.INV.00053,alahram,"EGP 27,387 ","EGP 3,834 ","EGP 31,221 ",2023/233,2023-P02,40.28,"EGP 3,200 ",0,"EGP 2,161 ","EGP 21,080 ",23.00%,"EGP 21,080 ","EGP 27,387 ","EGP 31,221 ",Repro House,0,1-Sep-23,59
7-Nov-23,Fuji,Plate,Solvent,Analog,3.94,1067 x 1524 mm,Flexo Solvent Analog Plate 3.94 / 1067 x 1524 mm,FC2003735,5,48.8,30,"EGP 2,807 ","EGP 4,565 ","EGP 27,387 ",FLX.2023.SO.000065,FLX.2023.M.INV.00055,flx importing,"EGP 136,935 ","EGP 19,171 ","EGP 156,106 ",2023/234,2023-P02,40.28,"EGP 3,200 ",0,"EGP 2,145 ","EGP 104,651 ",23.60%,"EGP 20,930 ","EGP 27,387 ","EGP 31,221 ",Repro House,26,1-Sep-23,67
7-Dec-23,Fuji,Plate,Solvent,Analog,3.94,1067 x 1524 mm,Flexo Solvent Analog Plate 3.94 / 1067 x 1524 mm,FC2003735,4,39,24,"EGP 2,807 ","EGP 4,565 ","EGP 27,387 ",FLX.2023.SO.000066,FLX.2023.M.INV.00061,essam,"EGP 109,548 ","EGP 15,337 ","EGP 124,885 ",2023/234,2023-P02,40.28,"EGP 3,200 ",0,"EGP 2,145 ","EGP 83,721 ",23.60%,"EGP 20,930 ","EGP 27,387 ","EGP 31,221 ",Repro House,31,1-Sep-23,97
9-Nov-23,Fuji,Plate,Solvent,Analog,3.94,1067 x 1524 mm,Flexo Solvent Analog Plate 3.94 / 1067 x 1524 mm,FC2003735,1,9.8,6,"EGP 2,807 ","EGP 4,565 ","EGP 27,387 ",FLX.2023.SO.000067,FLX.2023.M.INV.00056,CMX,"EGP 27,387 ","EGP 3,834 ","EGP 31,221 ",2023/233,2023-P02,40.28,"EGP 3,200 ",0,"EGP 2,161 ","EGP 21,080 ",23.00%,"EGP 21,080 ","EGP 27,387 ","EGP 31,221 ",Repro House,0,1-Sep-23,69
14-Nov-23,Fuji,Plate,Solvent,Analog,3.94,1067 x 1524 mm,Flexo Solvent Analog Plate 3.94 / 1067 x 1524 mm,FC2003735,9,87.8,54,"EGP 2,719 ","EGP 4,422 ","EGP 26,531 ",FLX.2023.SO.000068,FLX.2023.M.INV.00058,Flexo 24,"EGP 238,781 ","EGP 33,429 ","EGP 272,210 ",2023/235,2023-P02,40.28,"EGP 3,100 ",0,"EGP 2,167 ","EGP 190,257 ",20.30%,"EGP 21,140 ","EGP 26,531 ","EGP 30,246 ",Repro House,0,1-Sep-23,74
14-Nov-23,Fuji,Plate,Solvent,Analog,3.94,1067 x 1524 mm,Flexo Solvent Analog Plate 3.94 / 1067 x 1524 mm,FC2003735,1,9.8,6,"EGP 2,895 ","EGP 4,707 ","EGP 28,243 ",FLX.2023.SO.000069,FLX.2023.M.INV.00057,CMX,"EGP 28,243 ","EGP 3,954 ","EGP 32,197 ",2023/235,2023-P02,40.28,"EGP 3,300 ",0,"EGP 2,167 ","EGP 21,140 ",25.20%,"EGP 21,140 ","EGP 28,243 ","EGP 32,197 ",Repro House,0,1-Sep-23,74
14-Nov-23,Fuji,Plate,Solvent,Analog,3.94,1067 x 1524 mm,Flexo Solvent Analog Plate 3.94 / 1067 x 1524 mm,FC2003735,1,9.8,6,"EGP 2,895 ","EGP 4,707 ","EGP 28,243 ",FLX.2023.SO.000069,FLX.2023.M.INV.00057,CMX,"EGP 28,243 ","EGP 3,954 ","EGP 32,197 ",2023/234,2023-P02,40.28,"EGP 3,300 ",0,"EGP 2,145 ","EGP 20,930 ",25.90%,"EGP 20,930 ","EGP 28,243 ","EGP 32,197 ",Repro House,0,1-Sep-23,74
20-Nov-23,Fuji,Plate,Solvent,Digital,1.7,1270 x 2032 mm,Flexo Solvent Digital Plate 1.7 / 1270 x 2032 mm,FC2003732,3,77.4,30,"EGP 2,982 ","EGP 7,697 ","EGP 76,966 ",FLX.2023.SO.000070,FLX.2023.M.INV.00059,INCH,"EGP 230,899 ","EGP 32,326 ","EGP 263,225 ",2023/235,2023-P02,40.28,"EGP 3,400 ",0,"EGP 2,003 ","EGP 155,056 ",32.80%,"EGP 51,685 ","EGP 76,966 ","EGP 87,742 ",Repro House,0,1-Sep-23,80
20-Nov-23,Fuji,Plate,Solvent,Digital,1.14,1067 x 1524 mm,Flexo Solvent Digital Plate 1.14 / 1067 x 1524 mm,FC2003730,1,19.5,12,"EGP 2,982 ","EGP 4,850 ","EGP 58,198 ",FLX.2023.SO.000070,FLX.2023.M.INV.00059,INCH,"EGP 58,198 ","EGP 8,148 ","EGP 66,345 ",2023/234,2023-P02,40.28,"EGP 3,400 ",0,"EGP 2,035 ","EGP 39,716 ",31.80%,"EGP 39,716 ","EGP 58,198 ","EGP 66,345 ",Repro House,0,1-Sep-23,80
4-Dec-23,Fuji,Plate,Solvent,Digital,1.7,1270 x 2032 mm,Flexo Solvent Digital Plate 1.7 / 1270 x 2032 mm,FC2003732,1,25.8,10,"EGP 3,333 ","EGP 8,602 ","EGP 86,021 ",FLX.2023.SO.000071,FLX.2023.M.INV.00060,Al Taraki,"EGP 86,021 ","EGP 12,043 ","EGP 98,064 ",2023/234,2023-P02,40.28,"EGP 3,800 ",0,"EGP 2,035 ","EGP 52,526 ",38.90%,"EGP 52,526 ","EGP 86,021 ","EGP 98,064 ",Repro House,0,1-Sep-23,94
7-Dec-23,Fuji,Plate,Solvent,Digital,1.14,1270 x 2032 mm,Flexo Solvent Digital Plate 1.14 / 1270 x 2032 mm,FC2003731,3,92.9,36,"EGP 3,377 ","EGP 8,715 ","EGP 104,584 ",FLX.2023.SO.000072,FLX.2023.M.INV.00062,Hayat,"EGP 313,751 ","EGP 43,925 ","EGP 357,677 ",2023/316,2023-P03,50.51,"EGP 3,850 ",0,"EGP 2,419 ","EGP 224,722 ",28.40%,"EGP 74,907 ","EGP 104,584 ","EGP 119,226 ",Wide Web,7,29-Nov-23,8
7-Dec-23,Fuji,Plate,Solvent,Digital,1.14,1067 x 1524 mm,Flexo Solvent Digital Plate 1.14 / 1067 x 1524 mm,FC2003730,6,117.1,72,"EGP 3,377 ","EGP 5,492 ","EGP 65,900 ",FLX.2023.SO.000072,FLX.2023.M.INV.00062,Hayat,"EGP 395,401 ","EGP 55,356 ","EGP 450,757 ",2023/234,2023-P02,40.28,"EGP 3,850 ",0,"EGP 2,035 ","EGP 238,294 ",39.70%,"EGP 39,716 ","EGP 65,900 ","EGP 75,126 ",Wide Web,7,1-Sep-23,97
7-Dec-23,Fuji,Plate,Solvent,Digital,1.14,900 x 1200 mm,Flexo Solvent Digital Plate 1.14 / 900 x 1200 mm,FC2003728,2,25.9,24,"EGP 3,377 ","EGP 3,647 ","EGP 43,768 ",FLX.2023.SO.000072,FLX.2023.M.INV.00062,Hayat,"EGP 87,537 ","EGP 12,255 ","EGP 99,792 ",2023/316,2023-P03,50.51,"EGP 3,850 ",0,"EGP 2,419 ","EGP 62,695 ",28.40%,"EGP 31,348 ","EGP 43,768 ","EGP 49,896 ",Wide Web,7,29-Nov-23,8
3-Jan-24,Fuji,Plate,Solvent,Digital,1.14,900 x 1200 mm,Flexo Solvent Digital Plate 1.14 / 900 x 1200 mm,FC2003728,24,311,288,"EGP 3,333 ","EGP 3,600 ","EGP 43,200 ",FLX.2024.SO.000001,FLX.2024.M.INV.00001,Pacman CCL,"EGP 1,036,800 ","EGP 145,152 ","EGP 1,181,952 ",2023/316,2023-P03,50.51,"EGP 3,800 ",0,"EGP 2,419 ","EGP 752,345 ",27.40%,"EGP 31,348 ","EGP 43,200 ","EGP 49,248 ",Label,36,29-Nov-23,35
3-Jan-24,Fuji,Plate,Solvent,Digital,1.14,900 x 1200 mm,Flexo Solvent Digital Plate 1.14 / 900 x 1200 mm,FC2003728,4,51.8,48,"EGP 3,246 ","EGP 3,505 ","EGP 42,063 ",FLX.2024.SO.000002,FLX.2024.M.INV.00002,Hayat,"EGP 168,253 ","EGP 23,555 ","EGP 191,808 ",2023/316,2023-P03,50.51,"EGP 3,700 ",0,"EGP 2,419 ","EGP 125,391 ",25.50%,"EGP 31,348 ","EGP 42,063 ","EGP 47,952 ",Wide Web,7,29-Nov-23,35
3-Jan-24,Fuji,Plate,Solvent,Digital,1.14,1067 x 1524 mm,Flexo Solvent Digital Plate 1.14 / 1067 x 1524 mm,FC2003730,2,39,24,"EGP 3,246 ","EGP 5,278 ","EGP 63,333 ",FLX.2024.SO.000002,FLX.2024.M.INV.00002,Hayat,"EGP 126,665 ","EGP 17,733 ","EGP 144,398 ",2023/235,2023-P02,40.28,"EGP 3,700 ",0,"EGP 2,056 ","EGP 80,226 ",36.70%,"EGP 40,113 ","EGP 63,333 ","EGP 72,199 ",Wide Web,7,1-Sep-23,124
3-Jan-24,Fuji,Plate,Solvent,Digital,1.14,1270 x 2032 mm,Flexo Solvent Digital Plate 1.14 / 1270 x 2032 mm,FC2003731,8,247.7,96,"EGP 3,246 ","EGP 8,376 ","EGP 100,509 ",FLX.2024.SO.000002,FLX.2024.M.INV.00002,Hayat,"EGP 804,073 ","EGP 112,570 ","EGP 916,643 ",2023/316,2023-P03,50.51,"EGP 3,700 ",0,"EGP 2,419 ","EGP 599,259 ",25.50%,"EGP 74,907 ","EGP 100,509 ","EGP 114,580 ",Wide Web,7,29-Nov-23,35
9-Jan-24,Fuji,Plate,Solvent,Digital,1.7,1270 x 2032 mm,Flexo Solvent Digital Plate 1.7 / 1270 x 2032 mm,FC2003732,1,25.8,10,"EGP 3,246 ","EGP 8,376 ","EGP 83,758 ",FLX.2024.SO.000004,FLX.2024.M.INV.00003,Kortuba,"EGP 83,758 ","EGP 11,726 ","EGP 95,484 ",2023/316,2023-P03,50.51,"EGP 3,700 ",0,"EGP 2,419 ","EGP 62,423 ",25.50%,"EGP 62,423 ","EGP 83,758 ","EGP 95,484 ",Repro House,109,29-Nov-23,41
9-Jan-24,Fuji,Plate,Solvent,Digital,1.14,1067 x 1524 mm,Flexo Solvent Digital Plate 1.14 / 1067 x 1524 mm,FC2003730,3,58.5,36,"EGP 3,246 ","EGP 5,278 ","EGP 63,333 ",FLX.2024.SO.000004,FLX.2024.M.INV.00003,Kortuba,"EGP 189,998 ","EGP 26,600 ","EGP 216,598 ",2023/235,2023-P02,40.28,"EGP 3,700 ",0,"EGP 2,056 ","EGP 120,339 ",36.70%,"EGP 40,113 ","EGP 63,333 ","EGP 72,199 ",Repro House,109,1-Sep-23,130
9-Jan-24,Fuji,Plate,Solvent,Digital,1.14,1270 x 2032 mm,Flexo Solvent Digital Plate 1.14 / 1270 x 2032 mm,FC2003731,3,92.9,36,"EGP 3,246 ","EGP 8,376 ","EGP 100,509 ",FLX.2024.SO.000004,FLX.2024.M.INV.00003,Kortuba,"EGP 301,527 ","EGP 42,214 ","EGP 343,741 ",2023/316,2023-P03,50.51,"EGP 3,700 ",0,"EGP 2,419 ","EGP 224,722 ",25.50%,"EGP 74,907 ","EGP 100,509 ","EGP 114,580 ",Repro House,109,29-Nov-23,41
9-Jan-24,Fuji,Plate,Solvent,Digital,1.7,1270 x 2032 mm,Flexo Solvent Digital Plate 1.7 / 1270 x 2032 mm,FC2003732,1,25.8,10,"EGP 3,246 ","EGP 8,376 ","EGP 83,758 ",FLX.2024.SO.000004,FLX.2024.M.INV.00003,Kortuba,"EGP 83,758 ","EGP 11,726 ","EGP 95,484 ",2023/234,2023-P02,40.28,"EGP 3,700 ",0,"EGP 2,035 ","EGP 52,526 ",37.30%,"EGP 52,526 ","EGP 83,758 ","EGP 95,484 ",Repro House,109,1-Sep-23,130
18-Jan-24,Fuji,Plate,Solvent,Digital,1.14,1270 x 2032 mm,Flexo Solvent Digital Plate 1.14 / 1270 x 2032 mm,FC2003731,5,154.8,60,"EGP 3,333 ","EGP 8,602 ","EGP 103,226 ",FLX.2024.SO.000005,FLX.2024.M.INV.00005,Kortuba,"EGP 516,128 ","EGP 72,258 ","EGP 588,386 ",2023/316,2023-P03,50.51,"EGP 3,800 ",0,"EGP 2,419 ","EGP 374,537 ",27.40%,"EGP 74,907 ","EGP 103,226 ","EGP 117,677 ",Repro House,37,29-Nov-23,50
18-Jan-24,Fuji,Plate,Solvent,Digital,1.7,1270 x 2032 mm,Flexo Solvent Digital Plate 1.7 / 1270 x 2032 mm,FC2003732,4,103.2,40,"EGP 3,333 ","EGP 8,602 ","EGP 86,021 ",FLX.2024.SO.000005,FLX.2024.M.INV.00005,Kortuba,"EGP 344,085 ","EGP 48,172 ","EGP 392,257 ",2023/316,2023-P03,50.51,"EGP 3,800 ",0,"EGP 2,419 ","EGP 249,692 ",27.40%,"EGP 62,423 ","EGP 86,021 ","EGP 98,064 ",Repro House,37,29-Nov-23,50
23-Jan-24,Fuji,Plate,Solvent,Digital,1.14,1270 x 2032 mm,Flexo Solvent Digital Plate 1.14 / 1270 x 2032 mm,FC2003731,15,464.5,180,"EGP 3,333 ","EGP 8,602 ","EGP 103,226 ",FLX.2024.SO.000006,FLX.2024.M.INV.00006,Kortuba,"EGP 1,548,384 ","EGP 216,774 ","EGP 1,765,158 ",2023/316,2023-P03,50.51,"EGP 3,800 ",0,"EGP 2,419 ","EGP 1,123,611 ",27.40%,"EGP 74,907 ","EGP 103,226 ","EGP 117,677 ",Repro House,49,29-Nov-23,55
23-Jan-24,Fuji,Plate,Solvent,Digital,3.94,1270 x 2032 mm,Flexo Solvent Digital Plate 3.94 / 1270 x 2032 mm,FC2009933,15,232.3,90,"EGP 3,684 ","EGP 9,508 ","EGP 57,046 ",FLX.2024.SO.000006,FLX.2024.M.INV.00006,Kortuba,"EGP 855,686 ","EGP 119,796 ","EGP 975,482 ",2023/316,2023-P03,50.51,"EGP 4,200 ",0,"EGP 2,737 ","EGP 635,800 ",25.70%,"EGP 42,387 ","EGP 57,046 ","EGP 65,032 ",Repro House,49,29-Nov-23,55
24-Jan-24,Fuji,Plate,Solvent,Digital,1.14,1270 x 2032 mm,Flexo Solvent Digital Plate 1.14 / 1270 x 2032 mm,FC2003731,10,309.7,120,"EGP 3,333 ","EGP 8,602 ","EGP 103,226 ",FLX.2024.SO.000007,FLX.2024.M.INV.00007,FLX DIG.,"EGP 1,032,256 ","EGP 144,516 ","EGP 1,176,772 ",2023/316,2023-P03,50.51,"EGP 3,800 ",0,"EGP 2,419 ","EGP 749,074 ",27.40%,"EGP 74,907 ","EGP 103,226 ","EGP 117,677 ",Repro House,68,29-Nov-23,56
24-Jan-24,Fuji,Plate,Solvent,Digital,3.94,1270 x 2032 mm,Flexo Solvent Digital Plate 3.94 / 1270 x 2032 mm,FC2009933,5,77.4,30,"EGP 3,684 ","EGP 9,508 ","EGP 57,046 ",FLX.2024.SO.000007,FLX.2024.M.INV.00007,FLX DIG.,"EGP 285,229 ","EGP 39,932 ","EGP 325,161 ",2023/316,2023-P03,50.51,"EGP 4,200 ",0,"EGP 2,737 ","EGP 211,933 ",25.70%,"EGP 42,387 ","EGP 57,046 ","EGP 65,032 ",Repro House,68,29-Nov-23,56
30-Jan-24,Fuji,Plate,Solvent,Digital,1.14,1270 x 2032 mm,Flexo Solvent Digital Plate 1.14 / 1270 x 2032 mm,FC2003731,5,154.8,60,"EGP 3,333 ","EGP 8,602 ","EGP 103,226 ",FLX.2024.SO.000009,FLX.2024.M.INV.00009,Kortuba,"EGP 516,128 ","EGP 72,258 ","EGP 588,386 ",2023/316,2023-P03,50.51,"EGP 3,800 ",0,"EGP 2,419 ","EGP 374,537 ",27.40%,"EGP 74,907 ","EGP 103,226 ","EGP 117,677 ",Repro House,135,29-Nov-23,62
30-Jan-24,Fuji,Plate,Solvent,Digital,3.94,1270 x 2032 mm,Flexo Solvent Digital Plate 3.94 / 1270 x 2032 mm,FC2009933,5,77.4,30,"EGP 3,684 ","EGP 9,508 ","EGP 57,046 ",FLX.2024.SO.000009,FLX.2024.M.INV.00009,Kortuba,"EGP 285,229 ","EGP 39,932 ","EGP 325,161 ",2023/316,2023-P03,50.51,"EGP 4,200 ",0,"EGP 2,737 ","EGP 211,933 ",25.70%,"EGP 42,387 ","EGP 57,046 ","EGP 65,032 ",Repro House,135,29-Nov-23,62
30-Jan-24,Fuji,Plate,Solvent,Digital,1.14,1270 x 2032 mm,Flexo Solvent Digital Plate 1.14 / 1270 x 2032 mm,FC2003731,5,154.8,60,"EGP 3,333 ","EGP 8,602 ","EGP 103,226 ",FLX.2024.SO.000008,FLX.2024.M.INV.00008,INCH,"EGP 516,128 ","EGP 72,258 ","EGP 588,386 ",2023/316,2023-P03,50.51,"EGP 3,800 ",0,"EGP 2,419 ","EGP 374,537 ",27.40%,"EGP 74,907 ","EGP 103,226 ","EGP 117,677 ",Repro House,40,29-Nov-23,62
4-Feb-24,Fuji,Plate,Solvent,Digital,1.14,1270 x 2032 mm,Flexo Solvent Digital Plate 1.14 / 1270 x 2032 mm,FC2003731,10,309.7,120,"EGP 3,421 ","EGP 8,829 ","EGP 105,942 ",FLX.2024.SO.000010,FLX.2024.M.INV.00011,FLX DIG.,"EGP 1,059,421 ","EGP 148,319 ","EGP 1,207,740 ",2023/316,2023-P03,50.51,"EGP 3,900 ",0,"EGP 2,419 ","EGP 749,074 ",29.30%,"EGP 74,907 ","EGP 105,942 ","EGP 120,774 ",Repro House,64,29-Nov-23,67
4-Feb-24,Fuji,Plate,Solvent,Digital,1.14,1270 x 2032 mm,Flexo Solvent Digital Plate 1.14 / 1270 x 2032 mm,FC2003731,21,650.3,252,"EGP 3,421 ","EGP 8,829 ","EGP 105,942 ",FLX.2024.SO.000011,FLX.2024.M.INV.00010,Unidots,"EGP 2,224,783 ","EGP 311,470 ","EGP 2,536,253 ",2023/316,2023-P03,50.51,"EGP 3,900 ",0,"EGP 2,419 ","EGP 1,573,055 ",29.30%,"EGP 74,907 ","EGP 105,942 ","EGP 120,774 ",Repro House,85,29-Nov-23,67
4-Feb-24,Fuji,Plate,Solvent,Digital,1.14,1270 x 2032 mm,Flexo Solvent Digital Plate 1.14 / 1270 x 2032 mm,FC2003731,5,154.8,60,"EGP 3,333 ","EGP 8,602 ","EGP 103,226 ",FLX.2024.SO.000012,FLX.2024.M.INV.00012,Kortuba,"EGP 516,128 ","EGP 72,258 ","EGP 588,386 ",2023/316,2023-P03,50.51,"EGP 3,800 ",0,"EGP 2,419 ","EGP 374,537 ",27.40%,"EGP 74,907 ","EGP 103,226 ","EGP 117,677 ",Repro House,135,29-Nov-23,67
6-Mar-24,Fuji,Plate,Solvent,Digital,1.14,900 x 1200 mm,Flexo Solvent Digital Plate 1.14 / 900 x 1200 mm,FC2003728,20,259.2,240,"EGP 3,947 ","EGP 4,263 ","EGP 51,158 ",FLX.2024.SO.000013,FLX.2024.M.INV.00013,Pacman CCL,"EGP 1,023,158 ","EGP 143,242 ","EGP 1,166,400 ",2024/065,2024-P01,64,"EGP 4,500 ",0,"EGP 3,101 ","EGP 803,844 ",21.40%,"EGP 40,192 ","EGP 51,158 ","EGP 58,320 ",Label,44,4-Mar-24,2
6-Mar-24,Fuji,Plate,Solvent,Digital,1.14,900 x 1200 mm,Flexo Solvent Digital Plate 1.14 / 900 x 1200 mm,FC2003728,20,259.2,240,"EGP 3,947 ","EGP 4,263 ","EGP 51,158 ",FLX.2024.SO.000013,FLX.2024.M.INV.00016,Pacman CCL,"EGP 1,023,158 ","EGP 143,242 ","EGP 1,166,400 ",2024/065,2024-P01,64,"EGP 4,500 ",0,"EGP 3,101 ","EGP 803,844 ",21.40%,"EGP 40,192 ","EGP 51,158 ","EGP 58,320 ",Label,30,4-Mar-24,2
10-Mar-24,Fuji,Plate,Solvent,Digital,1.14,900 x 1200 mm,Flexo Solvent Digital Plate 1.14 / 900 x 1200 mm,FC2003728,4,51.8,48,"EGP 3,947 ","EGP 4,263 ","EGP 51,158 ",FLX.2024.SO.000014,FLX.2024.M.INV.00014,Hayat,"EGP 204,632 ","EGP 28,648 ","EGP 233,280 ",2024/065,2024-P01,64,"EGP 4,500 ",0,"EGP 3,101 ","EGP 160,769 ",21.40%,"EGP 40,192 ","EGP 51,158 ","EGP 58,320 ",Wide Web,10,4-Mar-24,6
10-Mar-24,Fuji,Plate,Solvent,Digital,1.14,1270 x 2032 mm,Flexo Solvent Digital Plate 1.14 / 1270 x 2032 mm,FC2003731,10,309.7,120,"EGP 3,947 ","EGP 10,187 ","EGP 122,241 ",FLX.2024.SO.000014,FLX.2024.M.INV.00014,Hayat,"EGP 1,222,408 ","EGP 171,137 ","EGP 1,393,546 ",2024/065,2024-P01,64,"EGP 4,500 ",0,"EGP 3,101 ","EGP 960,419 ",21.40%,"EGP 96,042 ","EGP 122,241 ","EGP 139,355 ",Wide Web,10,4-Mar-24,6
19-Mar-24,Fuji,Plate,Solvent,Digital,1.7,1270 x 2032 mm,Flexo Solvent Digital Plate 1.7 / 1270 x 2032 mm,FC2003732,1,25.8,10,"EGP 3,684 ","EGP 9,508 ","EGP 95,076 ",FLX.2024.SO.000015,FLX.2024.M.INV.00015,Al Taraki,"EGP 95,076 ","EGP 13,311 ","EGP 108,387 ",2024/065,2024-P01,64,"EGP 4,200 ",0,"EGP 3,101 ","EGP 80,035 ",15.80%,"EGP 80,035 ","EGP 95,076 ","EGP 108,387 ",Repro House,0,4-Mar-24,15
17-Apr-24,Fuji,Plate,Solvent,Digital,1.14,1270 x 2032 mm,Flexo Solvent Digital Plate 1.14 / 1270 x 2032 mm,FC2003731,10,309.7,120,"EGP 3,947 ","EGP 10,187 ","EGP 122,241 ",FLX.2024.SO.000017,FLX.2024.M.INV.00017,Hayat,"EGP 1,222,408 ","EGP 171,137 ","EGP 1,393,546 ",2024/065,2024-P01,64,"EGP 4,500 ",0,"EGP 3,101 ","EGP 960,419 ",21.40%,"EGP 96,042 ","EGP 122,241 ","EGP 139,355 ",Wide Web,14,4-Mar-24,44
17-Apr-24,Fuji,Plate,Solvent,Digital,1.14,900 x 1200 mm,Flexo Solvent Digital Plate 1.14 / 900 x 1200 mm,FC2003728,5,64.8,60,"EGP 3,947 ","EGP 4,263 ","EGP 51,158 ",FLX.2024.SO.000017,FLX.2024.M.INV.00017,Hayat,"EGP 255,789 ","EGP 35,811 ","EGP 291,600 ",2024/065,2024-P01,64,"EGP 4,500 ",0,"EGP 3,101 ","EGP 200,961 ",21.40%,"EGP 40,192 ","EGP 51,158 ","EGP 58,320 ",Wide Web,14,4-Mar-24,44
24-Apr-24,Sakata,Ink,SUPERNOVA,White,,,Flexo Ink SUPERNOVA White,FC2003723,100,500,500,EGP 746 ,EGP 746 ,"EGP 3,728 ",FLX.2024.SO.000018,FLX.2024.M.INV.00018,Pacman CCL,"EGP 372,810 ","EGP 52,193 ","EGP 425,003 ",2024/087,2024-I01,51,EGP 850 ,1,EGP 592 ,"EGP 296,132 ",20.60%,"EGP 2,961 ","EGP 3,728 ","EGP 4,250 ",Label,27,18-Mar-24,37
20-May-24,Fuji,Plate,Solvent,Digital,2.54,1270 x 2032 mm,Flexo Solvent Digital Plate 2.54 / 1270 x 2032 mm,FC2003733,3,69.7,27,"EGP 3,246 ","EGP 8,376 ","EGP 75,382 ",FLX.2024.SO.000020,FLX.2024.M.INV.00019,Al Taraki,"EGP 226,146 ","EGP 31,660 ","EGP 257,806 ",2024/065,2024-P01,64,"EGP 3,700 ",0,"EGP 3,101 ","EGP 216,095 ",4.40%,"EGP 72,032 ","EGP 75,382 ","EGP 85,935 ",Repro House,163,4-Mar-24,77
24-Jun-24,Sakata,Ink,SUPERNOVA,White,,,Flexo Ink SUPERNOVA White,FC2003723,100,500,500,EGP 746 ,EGP 746 ,"EGP 3,728 ",FLX.2024.SO.000021,FLX.2024.M.INV.00020,Pacman CCL,"EGP 372,810 ","EGP 52,193 ","EGP 425,003 ",2024/087,2024-I01,51,EGP 850 ,1,EGP 592 ,"EGP 296,132 ",20.60%,"EGP 2,961 ","EGP 3,728 ","EGP 4,250 ",Label,44,18-Mar-24,98
9-Jul-24,Sakata,Ink,SUPERNOVA,White,,,Flexo Ink SUPERNOVA White,FC2003723,100,500,500,EGP 745.62 ,EGP 746 ,"EGP 3,728 ",FLX.2024.SO.000022,FLX.2024.M.INV.00021,Pacman CCL,"EGP 372,810 ","EGP 52,193 ","EGP 425,003 ",2024/087,2024-I01,51,EGP 850 ,1,EGP 592 ,"EGP 296,132 ",20.60%,"EGP 2,961 ","EGP 3,728 ","EGP 4,250 ",Label,33,18-Mar-24,113
23-Jul-24,Fuji,Plate,Solvent,Digital,1.7,1270 x 2032 mm,Flexo Solvent Digital Plate 1.7 / 1270 x 2032 mm,FC2003732,3,77.4,30,"EGP 2,982 ","EGP 7,697 ","EGP 76,966 ",FLX.2024.SO.000023,FLX.2024.M.INV.00022,INCH,"EGP 230,899 ","EGP 32,326 ","EGP 263,225 ",2024/065,2024-P01,64,"EGP 3,400 ",0,"EGP 3,101 ","EGP 240,105 ",-4.00%,"EGP 80,035 ","EGP 76,966 ","EGP 87,742 ",Repro House,62,4-Mar-24,141
23-Jul-24,Fuji,Plate,Solvent,Digital,2.54,1270 x 2032 mm,Flexo Solvent Digital Plate 2.54 / 1270 x 2032 mm,FC2003733,1,23.2,9,"EGP 2,982 ","EGP 7,697 ","EGP 69,270 ",FLX.2024.SO.000023,FLX.2024.M.INV.00022,INCH,"EGP 69,270 ","EGP 9,698 ","EGP 78,968 ",2024/065,2024-P01,64,"EGP 3,400 ",0,"EGP 3,101 ","EGP 72,032 ",-4.00%,"EGP 72,032 ","EGP 69,270 ","EGP 78,968 ",Repro House,62,4-Mar-24,141
28-Jul-24,Sakata,Ink,SUPERNOVA,White,,,Flexo Ink SUPERNOVA White,FC2003723,100,500,500,EGP 746 ,EGP 746 ,"EGP 3,728 ",FLX.2024.SO.000024,FLX.2024.M.INV.00023,Pacman CCL,"EGP 372,810 ","EGP 52,193 ","EGP 425,003 ",2024/087,2024-I01,51,EGP 850 ,1,EGP 592 ,"EGP 296,132 ",20.60%,"EGP 2,961 ","EGP 3,728 ","EGP 4,250 ",Label,35,18-Mar-24,132
28-Jul-24,Sakata,Ink,SUPERNOVA,White,,,Flexo Ink SUPERNOVA White,FC2003723,100,500,500,EGP 746 ,EGP 746 ,"EGP 3,728 ",FLX.2024.SO.000026,FLX.2024.M.INV.00024,Pacman CCL,"EGP 372,810 ","EGP 52,193 ","EGP 425,003 ",2024/087,2024-I01,51,EGP 850 ,1,EGP 592 ,"EGP 296,132 ",20.60%,"EGP 2,961 ","EGP 3,728 ","EGP 4,250 ",Label,27,18-Mar-24,132
5-Aug-24,Fuji,Plate,Solvent,Analog,3.94,1067 x 1524 mm,Flexo Solvent Analog Plate 3.94 / 1067 x 1524 mm,FC2003735,3,29.3,18,"EGP 2,544 ","EGP 4,137 ","EGP 24,820 ",FLX.2024.SO.000028,FLX.2024.M.INV.00025,CMX,"EGP 74,459 ","EGP 10,424 ","EGP 84,883 ",2024/065,2024-P01,64,"EGP 2,900 ",0,"EGP 3,269 ","EGP 95,676 ",-28.50%,"EGP 31,892 ","EGP 24,820 ","EGP 28,294 ",Repro House,0,4-Mar-24,154
7-Aug-24,Fuji,Plate,Solvent,Analog,3.94,1067 x 1524 mm,Flexo Solvent Analog Plate 3.94 / 1067 x 1524 mm,FC2003735,5,48.8,30,"EGP 2,544 ","EGP 4,137 ","EGP 24,820 ",FLX.2024.SO.000029,FLX.2024.M.INV.00026,Hammoda,"EGP 124,098 ","EGP 17,374 ","EGP 141,471 ",2024/065,2024-P01,64,"EGP 2,900 ",0,"EGP 3,269 ","EGP 159,460 ",-28.50%,"EGP 31,892 ","EGP 24,820 ","EGP 28,294 ",Repro House,31,4-Mar-24,156
7-Aug-24,Fuji,Plate,Solvent,Analog,3.94,1067 x 1524 mm,Flexo Solvent Analog Plate 3.94 / 1067 x 1524 mm,FC2003735,2,19.5,12,"EGP 2,544 ","EGP 4,137 ","EGP 24,820 ",FLX.2024.SO.000030,FLX.2024.M.INV.00027,alshrouk,"EGP 49,639 ","EGP 6,949 ","EGP 56,589 ",2024/065,2024-P01,64,"EGP 2,900 ",0,"EGP 3,269 ","EGP 63,784 ",-28.50%,"EGP 31,892 ","EGP 24,820 ","EGP 28,294 ",Repro House,0,4-Mar-24,156
7-Aug-24,Fuji,Plate,Solvent,Analog,2.84,1067 x 1524 mm,Flexo Solvent Analog Plate 2.84 / 1067 x 1524 mm,FC2007777,1,13,8,"EGP 2,544 ","EGP 4,137 ","EGP 33,093 ",FLX.2024.SO.000030,FLX.2024.M.INV.00027,alshrouk,"EGP 33,093 ","EGP 4,633 ","EGP 37,726 ",2024/065,2024-P01,64,"EGP 2,900 ",16,"EGP 2,828 ","EGP 36,794 ",-11.20%,"EGP 36,794 ","EGP 33,093 ","EGP 37,726 ",Repro House,0,4-Mar-24,156
12-Aug-24,Fuji,Plate,Solvent,Analog,3.94,1067 x 1524 mm,Flexo Solvent Analog Plate 3.94 / 1067 x 1524 mm,FC2003735,3,29.3,18,"EGP 2,544 ","EGP 4,137 ","EGP 24,820 ",FLX.2024.SO.000031,FLX.2024.M.INV.00028,daso,"EGP 74,459 ","EGP 10,424 ","EGP 84,883 ",2024/065,2024-P01,64,"EGP 2,900 ",0,"EGP 3,269 ","EGP 95,676 ",-28.50%,"EGP 31,892 ","EGP 24,820 ","EGP 28,294 ",Repro House,1,4-Mar-24,161
14-Aug-24,Fuji,Plate,Solvent,Digital,1.7,1270 x 2032 mm,Flexo Solvent Digital Plate 1.7 / 1270 x 2032 mm,FC2003732,1,25.8,10,"EGP 2,719 ","EGP 7,018 ","EGP 70,175 ",FLX.2024.SO.000032,FLX.2024.M.INV.00041,Universal Misr,"EGP 56,140 ","EGP 7,860 ","EGP 64,000 ",2024/065,2024-P01,64,"EGP 3,100 ",0,"EGP 3,101 ","EGP 80,035 ",-42.60%,"EGP 80,035 ","EGP 56,140 ","EGP 64,000 ",Repro House,39,4-Mar-24,163
18-Aug-24,Fuji,Plate,Solvent,Analog,3.94,1067 x 1524 mm,Flexo Solvent Analog Plate 3.94 / 1067 x 1524 mm,FC2003735,6,58.5,36,"EGP 2,544 ","EGP 4,137 ","EGP 24,820 ",FLX.2024.SO.000033,FLX.2024.M.INV.00032,CMX,"EGP 148,917 ","EGP 20,848 ","EGP 169,766 ",2024/065,2024-P01,64,"EGP 2,900 ",0,"EGP 3,269 ","EGP 191,352 ",-28.50%,"EGP 31,892 ","EGP 24,820 ","EGP 28,294 ",Repro House,2,4-Mar-24,167
18-Aug-24,Fuji,Plate,Solvent,Analog,2.84,1067 x 1524 mm,Flexo Solvent Analog Plate 2.84 / 1067 x 1524 mm,FC2007777,1,13,8,"EGP 2,544 ","EGP 4,137 ","EGP 33,093 ",FLX.2024.SO.000033,FLX.2024.M.INV.00032,CMX,"EGP 33,093 ","EGP 4,633 ","EGP 37,726 ",2024/065,2024-P01,64,"EGP 2,900 ",16,"EGP 2,828 ","EGP 36,794 ",-11.20%,"EGP 36,794 ","EGP 33,093 ","EGP 37,726 ",Repro House,2,4-Mar-24,167
18-Aug-24,Fuji,Plate,Solvent,Digital,1.14,900 x 1200 mm,Flexo Solvent Digital Plate 1.14 / 900 x 1200 mm,FC2003728,10,129.6,120,"EGP 2,982 ","EGP 3,221 ","EGP 38,653 ",FLX.2024.SO.000034,FLX.2024.M.INV.00029,Pacman CCL,"EGP 386,526 ","EGP 54,114 ","EGP 440,640 ",2024/161,2024-P02,49,"EGP 3,400 ",0,"EGP 2,479 ","EGP 321,266 ",16.90%,"EGP 32,127 ","EGP 38,653 ","EGP 44,064 ",Label,30,1-May-24,109
19-Aug-24,Fuji,Plate,Solvent,Digital,1.14,1270 x 2032 mm,Flexo Solvent Digital Plate 1.14 / 1270 x 2032 mm,FC2003731,10,309.7,120,"EGP 3,509 ","EGP 9,055 ","EGP 108,659 ",FLX.2024.SO.000035,FLX.2024.M.INV.00030,Hayat,"EGP 1,086,585 ","EGP 152,122 ","EGP 1,238,707 ",2024/065,2024-P01,64,"EGP 4,000 ",0,"EGP 3,101 ","EGP 960,419 ",11.60%,"EGP 96,042 ","EGP 108,659 ","EGP 123,871 ",Wide Web,10,4-Mar-24,168
19-Aug-24,Fuji,Plate,Solvent,Digital,1.14,900 x 1200 mm,Flexo Solvent Digital Plate 1.14 / 900 x 1200 mm,FC2003728,1,13,12,"EGP 3,509 ","EGP 3,789 ","EGP 45,474 ",FLX.2024.SO.000035,FLX.2024.M.INV.00030,Hayat,"EGP 45,474 ","EGP 6,366 ","EGP 51,840 ",2024/065,2024-P01,64,"EGP 4,000 ",0,"EGP 3,101 ","EGP 40,192 ",11.60%,"EGP 40,192 ","EGP 45,474 ","EGP 51,840 ",Wide Web,10,4-Mar-24,168
19-Aug-24,Fuji,Plate,Solvent,Digital,1.14,900 x 1200 mm,Flexo Solvent Digital Plate 1.14 / 900 x 1200 mm,FC2003728,4,51.8,48,"EGP 3,509 ","EGP 3,789 ","EGP 45,474 ",FLX.2024.SO.000035,FLX.2024.M.INV.00030,Hayat,"EGP 181,895 ","EGP 25,465 ","EGP 207,360 ",2024/161,2024-P02,49,"EGP 4,000 ",0,"EGP 2,479 ","EGP 128,506 ",29.40%,"EGP 32,127 ","EGP 45,474 ","EGP 51,840 ",Wide Web,10,1-May-24,110
19-Aug-24,Sakata,Ink,SUPERNOVA,White,,,Flexo Ink SUPERNOVA White,FC2003723,100,500,500,EGP 746 ,EGP 746 ,"EGP 3,728 ",FLX.2024.SO.000037,FLX.2024.M.INV.00031,Pacman CCL,"EGP 372,810 ","EGP 52,193 ","EGP 425,003 ",2024/087,2024-I01,51,EGP 850 ,1,EGP 592 ,"EGP 296,132 ",20.60%,"EGP 2,961 ","EGP 3,728 ","EGP 4,250 ",Label,30,18-Mar-24,154
3-Sep-24,Fuji,Plate,Solvent,Digital,1.14,1270 x 2032 mm,Flexo Solvent Digital Plate 1.14 / 1270 x 2032 mm,FC2003731,5,154.8,60,"EGP 2,588 ","EGP 6,678 ","EGP 80,136 ",FLX.2024.SO.000038,FLX.2024.M.INV.00034,Kortuba,"EGP 400,678 ","EGP 56,095 ","EGP 456,773 ",2024/161,2024-P02,49,"EGP 2,950 ",0,"EGP 2,479 ","EGP 383,843 ",4.20%,"EGP 76,769 ","EGP 80,136 ","EGP 91,355 ",Repro House,120,1-May-24,125
3-Sep-24,Fuji,Plate,Solvent,Digital,1.7,1270 x 2032 mm,Flexo Solvent Digital Plate 1.7 / 1270 x 2032 mm,FC2003732,6,154.8,60,"EGP 2,588 ","EGP 6,678 ","EGP 66,780 ",FLX.2024.SO.000038,FLX.2024.M.INV.00034,Kortuba,"EGP 400,678 ","EGP 56,095 ","EGP 456,773 ",2024/161,2024-P02,49,"EGP 2,950 ",0,"EGP 2,479 ","EGP 383,842 ",4.20%,"EGP 63,974 ","EGP 66,780 ","EGP 76,129 ",Repro House,120,1-May-24,125
3-Sep-24,Fuji,Plate,Solvent,Digital,2.54,1270 x 2032 mm,Flexo Solvent Digital Plate 2.54 / 1270 x 2032 mm,FC2003733,6,139.4,54,"EGP 2,588 ","EGP 6,678 ","EGP 60,102 ",FLX.2024.SO.000038,FLX.2024.M.INV.00034,Kortuba,"EGP 360,610 ","EGP 50,485 ","EGP 411,096 ",2024/161,2024-P02,49,"EGP 2,950 ",0,"EGP 2,479 ","EGP 345,459 ",4.20%,"EGP 57,576 ","EGP 60,102 ","EGP 68,516 ",Repro House,120,1-May-24,125
3-Sep-24,Fuji,Plate,Solvent,Analog,2.84,1067 x 1524 mm,Flexo Solvent Analog Plate 2.84 / 1067 x 1524 mm,FC2007777,2,26,16,"EGP 2,544 ","EGP 4,137 ","EGP 33,093 ",FLX.2024.SO.000039,FLX.2024.M.INV.00033,CMX,"EGP 66,185 ","EGP 9,266 ","EGP 75,451 ",2024/065,2024-P01,64,"EGP 2,900 ",16,"EGP 2,828 ","EGP 73,588 ",-11.20%,"EGP 36,794 ","EGP 33,093 ","EGP 37,726 ",Repro House,1,4-Mar-24,183
3-Sep-24,Fuji,Plate,Solvent,Analog,3.94,1067 x 1524 mm,Flexo Solvent Analog Plate 3.94 / 1067 x 1524 mm,FC2003735,1,9.8,6,"EGP 2,544 ","EGP 4,137 ","EGP 24,820 ",FLX.2024.SO.000039,FLX.2024.M.INV.00033,CMX,"EGP 24,820 ","EGP 3,475 ","EGP 28,294 ",2024/065,2024-P01,64,"EGP 2,900 ",0,"EGP 3,269 ","EGP 31,892 ",-28.50%,"EGP 31,892 ","EGP 24,820 ","EGP 28,294 ",Repro House,1,4-Mar-24,183
17-Sep-24,Sakata,Ink,SUPERNOVA,White,,,Flexo Ink SUPERNOVA White,FC2003723,100,500,500,EGP 746 ,EGP 746 ,"EGP 3,728 ",FLX.2024.SO.000040,FLX.2024.M.INV.00035,Pacman CCL,"EGP 372,810 ","EGP 52,193 ","EGP 425,003 ",2024/087,2024-I01,51,EGP 850 ,1,EGP 592 ,"EGP 296,132 ",20.60%,"EGP 2,961 ","EGP 3,728 ","EGP 4,250 ",Label,36,18-Mar-24,183
24-Sep-24,Fuji,Plate,Solvent,Digital,1.14,1067 x 1524 mm,Flexo Solvent Digital Plate 1.14 / 1067 x 1524 mm,FC2003730,5,97.6,60,"EGP 3,509 ","EGP 5,706 ","EGP 68,468 ",FLX.2024.SO.000041,FLX.2024.M.INV.00036,Hayat,"EGP 342,339 ","EGP 47,927 ","EGP 390,266 ",2024/241,2024-P03,48.59,"EGP 4,000 ",0,"EGP 2,944 ","EGP 287,254 ",16.10%,"EGP 57,451 ","EGP 68,468 ","EGP 78,053 ",Wide Web,16,21-Sep-24,3
30-Sep-24,Sakata,Ink,SUPERNOVA,White,,,Flexo Ink SUPERNOVA White,FC2003723,100,500,500,EGP 746 ,EGP 746 ,"EGP 3,728 ",FLX.2024.SO.000042,FLX.2024.M.INV.00037,Pacman CCL,"EGP 372,810 ","EGP 52,193 ","EGP 425,003 ",2024/087,2024-I01,51,EGP 850 ,1,EGP 592 ,"EGP 296,132 ",20.60%,"EGP 2,961 ","EGP 3,728 ","EGP 4,250 ",Label,23,18-Mar-24,196
30-Sep-24,Fuji,Plate,Solvent,Digital,1.14,1270 x 2032 mm,Flexo Solvent Digital Plate 1.14 / 1270 x 2032 mm,FC2003731,10,309.7,120,"EGP 2,588 ","EGP 6,678 ","EGP 80,136 ",FLX.2024.SO.000043,FLX.2024.M.INV.00039,Kortuba,"EGP 801,357 ","EGP 112,190 ","EGP 913,547 ",2024/161,2024-P02,49,"EGP 2,950 ",0,"EGP 2,479 ","EGP 767,685 ",4.20%,"EGP 76,769 ","EGP 80,136 ","EGP 91,355 ",Repro House,140,1-May-24,152
30-Sep-24,Fuji,Plate,Solvent,Digital,1.7,1270 x 2032 mm,Flexo Solvent Digital Plate 1.7 / 1270 x 2032 mm,FC2003732,3,77.4,30,"EGP 2,588 ","EGP 6,678 ","EGP 66,780 ",FLX.2024.SO.000043,FLX.2024.M.INV.00039,Kortuba,"EGP 200,339 ","EGP 28,047 ","EGP 228,387 ",2024/065,2024-P01,64,"EGP 2,950 ",0,"EGP 3,101 ","EGP 240,105 ",-19.80%,"EGP 80,035 ","EGP 66,780 ","EGP 76,129 ",Repro House,140,4-Mar-24,210
30-Sep-24,Fuji,Plate,Solvent,Digital,1.7,1270 x 2032 mm,Flexo Solvent Digital Plate 1.7 / 1270 x 2032 mm,FC2003732,4,103.2,40,"EGP 2,588 ","EGP 6,678 ","EGP 66,780 ",FLX.2024.SO.000043,FLX.2024.M.INV.00039,Kortuba,"EGP 267,119 ","EGP 37,397 ","EGP 304,516 ",2024/161,2024-P02,49,"EGP 2,950 ",0,"EGP 2,479 ","EGP 255,895 ",4.20%,"EGP 63,974 ","EGP 66,780 ","EGP 76,129 ",Repro House,140,1-May-24,152
30-Sep-24,Fuji,Plate,Solvent,Digital,2.54,1270 x 2032 mm,Flexo Solvent Digital Plate 2.54 / 1270 x 2032 mm,FC2003733,11,255.5,99,"EGP 2,588 ","EGP 6,678 ","EGP 60,102 ",FLX.2024.SO.000043,FLX.2024.M.INV.00039,Kortuba,"EGP 661,119 ","EGP 92,557 ","EGP 753,676 ",2024/161,2024-P02,49,"EGP 2,950 ",0,"EGP 2,479 ","EGP 633,341 ",4.20%,"EGP 57,576 ","EGP 60,102 ","EGP 68,516 ",Repro House,140,1-May-24,152
1-Oct-24,Fuji,Plate,Solvent,Digital,1.7,1270 x 2032 mm,Flexo Solvent Digital Plate 1.7 / 1270 x 2032 mm,FC2003732,1,25.8,10,"EGP 2,632 ","EGP 6,791 ","EGP 67,912 ",FLX.2024.SO.000044,FLX.2024.M.INV.00040,Unidots,"EGP 67,912 ","EGP 9,508 ","EGP 77,419 ",2024/065,2024-P01,64,"EGP 3,000 ",0,"EGP 3,101 ","EGP 80,035 ",-17.90%,"EGP 80,035 ","EGP 67,912 ","EGP 77,419 ",Repro House,96,4-Mar-24,211
1-Oct-24,Fuji,Plate,Solvent,Digital,1.7,1270 x 2032 mm,Flexo Solvent Digital Plate 1.7 / 1270 x 2032 mm,FC2003732,1,25.8,10,"EGP 2,632 ","EGP 6,791 ","EGP 67,912 ",FLX.2024.SO.000044,FLX.2024.M.INV.00040,Unidots,"EGP 67,912 ","EGP 9,508 ","EGP 77,419 ",2023/235,2023-P02,40.28,"EGP 3,000 ",0,"EGP 2,003 ","EGP 51,685 ",23.90%,"EGP 51,685 ","EGP 67,912 ","EGP 77,419 ",Repro House,96,1-Sep-23,396
20-Oct-24,Fuji,Plate,Solvent,Digital,1.14,1270 x 2032 mm,Flexo Solvent Digital Plate 1.14 / 1270 x 2032 mm,FC2003731,1,31,12,"EGP 2,719 ","EGP 7,018 ","EGP 84,210 ",FLX.2024.SO.000045,FLX.2025.M.INV.00001,Unidots,"EGP 84,210 ","EGP 11,789 ","EGP 96,000 ",2024/161,2024-P02,49,"EGP 3,100 ",0,"EGP 2,479 ","EGP 76,769 ",8.80%,"EGP 76,769 ","EGP 84,210 ","EGP 96,000 ",Repro House,112,1-May-24,172
20-Oct-24,Sakata,Ink,SUPERNOVA,White,,,Flexo Ink SUPERNOVA White,FC2003723,100,500,500,EGP 746 ,EGP 746 ,"EGP 3,728 ",FLX.2024.SO.000046,FLX.2024.M.INV.00042,Pacman CCL,"EGP 372,810 ","EGP 52,193 ","EGP 425,003 ",2024/087,2024-I01,51,EGP 850 ,1,EGP 592 ,"EGP 296,132 ",20.60%,"EGP 2,961 ","EGP 3,728 ","EGP 4,250 ",Label,43,18-Mar-24,216
22-Oct-24,Fuji,Plate,Solvent,Digital,1.7,1270 x 2032 mm,Flexo Solvent Digital Plate 1.7 / 1270 x 2032 mm,FC2003732,1,25.8,10,"EGP 2,588 ","EGP 6,678 ","EGP 66,780 ",FLX.2024.SO.000047,FLX.2024.M.INV.00043,Kortuba,"EGP 66,780 ","EGP 9,349 ","EGP 76,129 ",2024/065,2024-P01,64,"EGP 2,950 ",0,"EGP 3,101 ","EGP 80,035 ",-19.80%,"EGP 80,035 ","EGP 66,780 ","EGP 76,129 ",Repro House,120,4-Mar-24,232
22-Oct-24,Fuji,Plate,Solvent,Digital,3.94,1270 x 2032 mm,Flexo Solvent Digital Plate 3.94 / 1270 x 2032 mm,FC2009933,1,15.5,6,"EGP 2,982 ","EGP 7,697 ","EGP 46,180 ",FLX.2024.SO.000048,FLX.2024.M.INV.00053,Kortuba,"EGP 46,180 ","EGP 6,465 ","EGP 52,645 ",2024/161,2024-P02,49,"EGP 3,400 ",13,"EGP 2,806 ","EGP 43,445 ",5.90%,"EGP 43,445 ","EGP 46,180 ","EGP 52,645 ",Repro House,113,1-May-24,174
22-Oct-24,Fuji,Plate,Solvent,Digital,2.54,1270 x 2032 mm,Flexo Solvent Digital Plate 2.54 / 1270 x 2032 mm,FC2003733,1,23.2,9,"EGP 2,763 ","EGP 7,131 ","EGP 64,176 ",FLX.2024.SO.000049,FLX.2024.M.INV.00044,Smart Four Flexo,"EGP 64,176 ","EGP 8,985 ","EGP 73,161 ",2024/161,2024-P02,49,"EGP 3,150 ",0,"EGP 2,479 ","EGP 57,576 ",10.30%,"EGP 57,576 ","EGP 64,176 ","EGP 73,161 ",Repro House,40,1-May-24,174
23-Oct-24,Fuji,Plate,Solvent,Digital,3.94,1270 x 2032 mm,Flexo Solvent Digital Plate 3.94 / 1270 x 2032 mm,FC2009933,1,15.5,6,"EGP 3,070 ","EGP 7,923 ","EGP 47,538 ",FLX.2024.SO.000050,FLX.2024.M.INV.00045,Al Taraki,"EGP 47,538 ","EGP 6,655 ","EGP 54,193 ",2024/161,2024-P02,49,"EGP 3,500 ",13,"EGP 2,806 ","EGP 43,445 ",8.60%,"EGP 43,445 ","EGP 47,538 ","EGP 54,193 ",Repro House,49,1-May-24,175
31-Oct-24,Fuji,Plate,Solvent,Digital,1.14,900 x 1200 mm,Flexo Solvent Digital Plate 1.14 / 900 x 1200 mm,FC2003728,1,13,12,"EGP 2,982 ","EGP 3,221 ","EGP 38,653 ",FLX.2024.SO.000052,FLX.2024.M.INV.00046,Pacman CCL,"EGP 38,653 ","EGP 5,411 ","EGP 44,064 ",2024/161,2024-P02,49,"EGP 3,400 ",0,"EGP 2,479 ","EGP 32,127 ",16.90%,"EGP 32,127 ","EGP 38,653 ","EGP 44,064 ",Label,29,1-May-24,183
4-Nov-24,Sakata,Ink,SUPERNOVA,White,,,Flexo Ink SUPERNOVA White,FC2003723,100,500,500,EGP 746 ,EGP 746 ,"EGP 3,728 ",FLX.2024.SO.000053,FLX.2024.M.INV.00047,Pacman CCL,"EGP 372,810 ","EGP 52,193 ","EGP 425,003 ",2024/087,2024-I01,51,EGP 850 ,1,EGP 592 ,"EGP 296,132 ",20.60%,"EGP 2,961 ","EGP 3,728 ","EGP 4,250 ",Label,28,18-Mar-24,231
19-Nov-24,Fuji,Plate,Solvent,Digital,1.14,900 x 1200 mm,Flexo Solvent Digital Plate 1.14 / 900 x 1200 mm,FC2003728,10,129.6,120,"EGP 2,982 ","EGP 3,221 ","EGP 38,653 ",FLX.2024.SO.000055,FLX.2024.M.INV.00048,Pacman CCL,"EGP 386,526 ","EGP 54,114 ","EGP 440,640 ",2024/161,2024-P02,49,"EGP 3,400 ",0,"EGP 2,479 ","EGP 321,266 ",16.90%,"EGP 32,127 ","EGP 38,653 ","EGP 44,064 ",Label,41,1-May-24,202
27-Nov-24,Fuji,Plate,Solvent,Digital,3.94,1270 x 2032 mm,Flexo Solvent Digital Plate 3.94 / 1270 x 2032 mm,FC2009933,2,31,12,"EGP 2,982 ","EGP 7,697 ","EGP 46,180 ",FLX.2024.SO.000056,FLX.2024.M.INV.00049,Smart Four Flexo,"EGP 92,360 ","EGP 12,930 ","EGP 105,290 ",2024/161,2024-P02,49,"EGP 3,400 ",13,"EGP 2,806 ","EGP 86,890 ",5.90%,"EGP 43,445 ","EGP 46,180 ","EGP 52,645 ",Repro House,4,1-May-24,210
1-Dec-24,Fuji,Plate,Solvent,Digital,3.94,1270 x 2032 mm,Flexo Solvent Digital Plate 3.94 / 1270 x 2032 mm,FC2009933,1,15.5,6,"EGP 3,070 ","EGP 7,923 ","EGP 47,538 ",FLX.2024.SO.000057,FLX.2024.M.INV.00050,Al Taraki,"EGP 47,538 ","EGP 6,655 ","EGP 54,193 ",2024/161,2024-P02,49,"EGP 3,500 ",13,"EGP 2,806 ","EGP 43,445 ",8.60%,"EGP 43,445 ","EGP 47,538 ","EGP 54,193 ",Repro House,74,1-May-24,214
1-Dec-24,Fuji,Plate,Solvent,Digital,2.54,1270 x 2032 mm,Flexo Solvent Digital Plate 2.54 / 1270 x 2032 mm,FC2003733,1,23.2,9,"EGP 2,807 ","EGP 7,244 ","EGP 65,195 ",FLX.2024.SO.000057,FLX.2024.M.INV.00050,Al Taraki,"EGP 65,195 ","EGP 9,127 ","EGP 74,322 ",2024/161,2024-P02,49,"EGP 3,200 ",0,"EGP 2,479 ","EGP 57,576 ",11.70%,"EGP 57,576 ","EGP 65,195 ","EGP 74,322 ",Repro House,74,1-May-24,214
12-Dec-24,Fuji,Plate,Solvent,Digital,1.14,1270 x 2032 mm,Flexo Solvent Digital Plate 1.14 / 1270 x 2032 mm,FC2003731,20,619.4,240,"EGP 2,456 ","EGP 6,338 ","EGP 76,061 ",FLX.2024.SO.000058,FLX.2024.M.INV.00051,Unidots,"EGP 1,521,219 ","EGP 212,971 ","EGP 1,734,190 ",2024/161,2024-P02,49,"EGP 2,800 ",0,"EGP 2,479 ","EGP 1,535,370 ",-0.90%,"EGP 76,769 ","EGP 76,061 ","EGP 86,710 ",Repro House,120,1-May-24,225
18-Dec-24,Fuji,Plate,Solvent,Digital,2.54,1270 x 2032 mm,Flexo Solvent Digital Plate 2.54 / 1270 x 2032 mm,FC2003733,6,139.4,54,"EGP 2,544 ","EGP 6,565 ","EGP 59,083 ",FLX.2024.SO.000059,FLX.2024.M.INV.00052,Kortuba,"EGP 354,498 ","EGP 49,630 ","EGP 404,128 ",2024/065,2024-P01,64,"EGP 2,900 ",0,"EGP 3,101 ","EGP 432,189 ",-21.90%,"EGP 72,032 ","EGP 59,083 ","EGP 67,355 ",Repro House,117,4-Mar-24,289
18-Dec-24,Fuji,Plate,Solvent,Digital,2.54,1270 x 2032 mm,Flexo Solvent Digital Plate 2.54 / 1270 x 2032 mm,FC2003733,6,139.4,54,"EGP 2,544 ","EGP 6,565 ","EGP 59,083 ",FLX.2024.SO.000059,FLX.2024.M.INV.00052,Kortuba,"EGP 354,498 ","EGP 49,630 ","EGP 404,128 ",2024/161,2024-P02,49,"EGP 2,900 ",0,"EGP 2,479 ","EGP 345,459 ",2.60%,"EGP 57,576 ","EGP 59,083 ","EGP 67,355 ",Repro House,117,1-May-24,231
13-Jan-25,Sakata,Ink,SUPERNOVA,White,,,Flexo Ink SUPERNOVA White,FC2003723,79,395,395,EGP 746 ,EGP 746 ,"EGP 3,728 ",FLX.2025.SO.000001,FLX.2025.M.INV.00002,Pacman CCL,"EGP 294,520 ","EGP 41,233 ","EGP 335,753 ",2024/087,2024-I01,51,EGP 850 ,1,EGP 592 ,"EGP 233,944 ",20.60%,"EGP 2,961 ","EGP 3,728 ","EGP 4,250 ",Label,32,18-Mar-24,301
12-Jan-25,Fuji,Plate,Solvent,Digital,1.14,900 x 1200 mm,Flexo Solvent Digital Plate 1.14 / 900 x 1200 mm,FC2003728,6,77.8,72,"EGP 3,509 ","EGP 3,789 ","EGP 45,474 ",FLX.2025.SO.000002,FLX.2025.M.INV.00005,Hayat,"EGP 272,842 ","EGP 38,198 ","EGP 311,040 ",2024/161,2024-P02,49,"EGP 4,000 ",0,"EGP 2,479 ","EGP 192,759 ",29.40%,"EGP 32,127 ","EGP 45,474 ","EGP 51,840 ",Wide Web,21,1-May-24,256
12-Jan-25,Fuji,Plate,Solvent,Digital,1.14,1067 x 1524 mm,Flexo Solvent Digital Plate 1.14 / 1067 x 1524 mm,FC2003730,4,78.1,48,"EGP 3,509 ","EGP 5,706 ","EGP 68,468 ",FLX.2025.SO.000002,FLX.2025.M.INV.00005,Hayat,"EGP 273,871 ","EGP 38,342 ","EGP 312,213 ",2024/241,2024-P03,48.59,"EGP 4,000 ",0,"EGP 2,944 ","EGP 229,803 ",16.10%,"EGP 57,451 ","EGP 68,468 ","EGP 78,053 ",Wide Web,21,21-Sep-24,113
14-Jan-25,Fuji,Plate,Solvent,Digital,1.14,900 x 1200 mm,Flexo Solvent Digital Plate 1.14 / 900 x 1200 mm,FC2003728,10,129.6,120,"EGP 2,982 ","EGP 3,221 ","EGP 38,653 ",FLX.2025.SO.000003,FLX.2025.M.INV.00003,Pacman CCL,"EGP 386,526 ","EGP 54,114 ","EGP 440,640 ",2024/161,2024-P02,49,"EGP 3,400 ",0,"EGP 2,479 ","EGP 321,266 ",16.90%,"EGP 32,127 ","EGP 38,653 ","EGP 44,064 ",Label,30,1-May-24,258
14-Jan-25,Fuji,Plate,Solvent,Digital,3.94,1270 x 2032 mm,Flexo Solvent Digital Plate 3.94 / 1270 x 2032 mm,FC2009933,1,15.5,6,"EGP 3,070 ","EGP 7,923 ","EGP 47,538 ",FLX.2025.SO.000004,FLX.2025.M.INV.00004,Al Taraki,"EGP 47,538 ","EGP 6,655 ","EGP 54,193 ",2024/161,2024-P02,49,"EGP 3,500 ",13,"EGP 2,806 ","EGP 43,445 ",8.60%,"EGP 43,445 ","EGP 47,538 ","EGP 54,193 ",Repro House,82,1-May-24,258
23-Feb-25,Fuji,Plate,Solvent,Digital,1.14,1270 x 2032 mm,Flexo Solvent Digital Plate 1.14 / 1270 x 2032 mm,FC2003731,13,402.6,156,"EGP 2,456 ","EGP 6,338 ","EGP 76,061 ",FLX.2025.SO.000005,FLX.2025.M.INV.00007,Unidots,"EGP 988,793 ","EGP 138,431 ","EGP 1,127,224 ",2024/161,2024-P02,49,"EGP 2,800 ",0,"EGP 2,479 ","EGP 997,991 ",-0.90%,"EGP 76,769 ","EGP 76,061 ","EGP 86,710 ",Repro House,71,1-May-24,298
23-Feb-25,Fuji,Plate,Solvent,Digital,1.14,1270 x 2032 mm,Flexo Solvent Digital Plate 1.14 / 1270 x 2032 mm,FC2003731,13,402.6,156,"EGP 2,456 ","EGP 6,338 ","EGP 76,061 ",FLX.2025.SO.000005,FLX.2025.M.INV.00009,Unidots,"EGP 988,793 ","EGP 138,431 ","EGP 1,127,224 ",2024/161,2024-P02,49,"EGP 2,800 ",0,"EGP 2,479 ","EGP 997,991 ",-0.90%,"EGP 76,769 ","EGP 76,061 ","EGP 86,710 ",Repro House,71,1-May-24,298
23-Feb-25,Fuji,Plate,Solvent,Digital,1.14,1270 x 2032 mm,Flexo Solvent Digital Plate 1.14 / 1270 x 2032 mm,FC2003731,8,247.7,96,"EGP 2,456 ","EGP 6,338 ","EGP 76,061 ",FLX.2025.SO.000005,FLX.2025.M.INV.00011,Unidots,"EGP 608,488 ","EGP 85,188 ","EGP 693,676 ",2024/161,2024-P02,49,"EGP 2,800 ",0,"EGP 2,479 ","EGP 614,148 ",-0.90%,"EGP 76,769 ","EGP 76,061 ","EGP 86,710 ",Repro House,110,1-May-24,298
23-Feb-25,Fuji,Plate,Solvent,Digital,1.14,1270 x 2032 mm,Flexo Solvent Digital Plate 1.14 / 1270 x 2032 mm,FC2003731,5,154.8,60,"EGP 2,456 ","EGP 6,338 ","EGP 76,061 ",FLX.2025.SO.000005,FLX.2025.M.INV.00011,Unidots,"EGP 380,305 ","EGP 53,243 ","EGP 433,548 ",2024/065,2024-P01,64,"EGP 2,800 ",0,"EGP 3,101 ","EGP 480,209 ",-26.30%,"EGP 96,042 ","EGP 76,061 ","EGP 86,710 ",Repro House,110,4-Mar-24,356
19-Mar-25,Fuji,Plate,Solvent,Digital,1.14,900 x 1200 mm,Flexo Solvent Digital Plate 1.14 / 900 x 1200 mm,FC2003728,9,116.6,108,"EGP 2,982 ","EGP 3,221 ","EGP 38,653 ",FLX.2025.SO.000006,FLX.2025.M.INV.00006,Pacman CCL,"EGP 347,874 ","EGP 48,702 ","EGP 396,576 ",2024/161,2024-P02,49,"EGP 3,400 ",0,"EGP 2,479 ","EGP 289,139 ",16.90%,"EGP 32,127 ","EGP 38,653 ","EGP 44,064 ",Label,40,1-May-24,322
23-Mar-25,Fuji,Plate,Solvent,Digital,3.94,1270 x 2032 mm,Flexo Solvent Digital Plate 3.94 / 1270 x 2032 mm,FC2009933,2,31,12,"EGP 2,982 ","EGP 7,697 ","EGP 46,180 ",FLX.2025.SO.000007,FLX.2025.M.INV.00008,Al Taraki,"EGP 92,360 ","EGP 12,930 ","EGP 105,290 ",2024/161,2024-P02,49,"EGP 3,400 ",13,"EGP 2,806 ","EGP 86,890 ",5.90%,"EGP 43,445 ","EGP 46,180 ","EGP 52,645 ",Repro House,407,1-May-24,326
29-Apr-25,Fuji,Plate,Solvent,Digital,3.94,1270 x 2032 mm,Flexo Solvent Digital Plate 3.94 / 1270 x 2032 mm,FC2009933,2,31,12,"EGP 2,982 ","EGP 7,697 ","EGP 46,180 ",FLX.2025.SO.000008,FLX.2025.M.INV.00010,Al Taraki,"EGP 92,360 ","EGP 12,930 ","EGP 105,290 ",2024/161,2024-P02,49,"EGP 3,400 ",13,"EGP 2,806 ","EGP 86,890 ",5.90%,"EGP 43,445 ","EGP 46,180 ","EGP 52,645 ",Repro House,365,1-May-24,363
29-Apr-25,Fuji,Plate,Solvent,Digital,1.14,1270 x 2032 mm,Flexo Solvent Digital Plate 1.14 / 1270 x 2032 mm,FC2003731,1,31,12,"EGP 2,544 ","EGP 6,565 ","EGP 78,777 ",FLX.2025.SO.000008,FLX.2025.M.INV.00010,Al Taraki,"EGP 78,777 ","EGP 11,029 ","EGP 89,806 ",2024/065,2024-P01,64,"EGP 2,900 ",0,"EGP 3,101 ","EGP 96,042 ",-21.90%,"EGP 96,042 ","EGP 78,777 ","EGP 89,806 ",Repro House,365,4-Mar-24,421
1-Jun-25,Fuji,Plate,Solvent,Digital,1.14,1270 x 2032 mm,Flexo Solvent Digital Plate 1.14 / 1270 x 2032 mm,FC2003731,8,247.7,96,"EGP 2,281 ","EGP 5,886 ","EGP 70,628 ",FLX.2025.SO.000012,FLX.2025.M.INV.00016,Unidots,"EGP 565,024 ","EGP 79,103 ","EGP 644,128 ",2024/065,2024-P01,64,"EGP 2,600 ",0,"EGP 3,101 ","EGP 768,335 ",-36.00%,"EGP 96,042 ","EGP 70,628 ","EGP 80,516 ",Repro House,91,4-Mar-24,454
1-Jun-25,Fuji,Plate,Solvent,Digital,1.14,1270 x 2032 mm,Flexo Solvent Digital Plate 1.14 / 1270 x 2032 mm,FC2003731,13,402.6,156,"EGP 2,281 ","EGP 5,886 ","EGP 70,628 ",FLX.2025.SO.000012,FLX.2025.M.INV.00019,Unidots,"EGP 918,165 ","EGP 128,543 ","EGP 1,046,708 ",2024/065,2024-P01,64,"EGP 2,600 ",0,"EGP 3,101 ","EGP 1,248,544 ",-36.00%,"EGP 96,042 ","EGP 70,628 ","EGP 80,516 ",Repro House,78,4-Mar-24,454
1-Jun-25,Fuji,Plate,Solvent,Digital,1.14,1270 x 2032 mm,Flexo Solvent Digital Plate 1.14 / 1270 x 2032 mm,FC2003731,13,402.6,156,"EGP 2,281 ","EGP 5,886 ","EGP 70,628 ",FLX.2025.SO.000012,Inv 25/9,Unidots,"EGP 918,165 ","EGP 128,543 ","EGP 1,046,708 ",2024/065,2024-P01,64,"EGP 2,600 ",0,"EGP 3,101 ","EGP 1,248,544 ",-36.00%,"EGP 96,042 ","EGP 70,628 ","EGP 80,516 ",Repro House,105,4-Mar-24,454
14-Jul-25,Sakata,Ink,CUREMAX LED PROCESS,Black,,,Flexo Ink CUREMAX LED PROCESS Black,PC2003743,1,5,5,"EGP 1,325 ","EGP 1,325 ","EGP 6,623 ",FLX.2025.SO.000014,FLX.2025.M.INV.00015,Technology Pack,"EGP 6,623 ",EGP 927 ,"EGP 7,550 ",2025/183,2025-I01,49.5,"EGP 1,510 ",1,EGP 717 ,"EGP 3,584 ",45.90%,"EGP 3,584 ","EGP 6,623 ","EGP 7,550 ",0,60,14-Jul-25,0
14-Jul-25,Sakata,Ink,CUREMAX LED PROCESS,Yellow,,,Flexo Ink CUREMAX LED PROCESS Yellow,PC2003740,2,10,10,"EGP 1,336 ","EGP 1,336 ","EGP 6,680 ",FLX.2025.SO.000014,FLX.2025.M.INV.00015,Technology Pack,"EGP 13,360 ","EGP 1,870 ","EGP 15,230 ",2025/183,2025-I01,49.5,"EGP 1,523 ",0,EGP 717 ,"EGP 7,168 ",46.30%,"EGP 3,584 ","EGP 6,680 ","EGP 7,615 ",0,60,14-Jul-25,0
14-Jul-25,Sakata,Ink,CUREMAX LED PROCESS,Magenta,,,Flexo Ink CUREMAX LED PROCESS Magenta,PC2003741,2,10,10,"EGP 1,232 ","EGP 1,232 ","EGP 6,162 ",FLX.2025.SO.000014,FLX.2025.M.INV.00015,Technology Pack,"EGP 12,323 ","EGP 1,725 ","EGP 14,048 ",2025/183,2025-I01,49.5,"EGP 1,405 ",0,EGP 717 ,"EGP 7,168 ",41.80%,"EGP 3,584 ","EGP 6,162 ","EGP 7,024 ",0,60,14-Jul-25,0
14-Jul-25,Sakata,Ink,CUREMAX LED PROCESS,Cyan,,,Flexo Ink CUREMAX LED PROCESS Cyan,PC2003742,2,10,10,"EGP 1,290 ","EGP 1,290 ","EGP 6,449 ",FLX.2025.SO.000014,FLX.2025.M.INV.00015,Technology Pack,"EGP 12,899 ","EGP 1,806 ","EGP 14,704 ",2025/183,2025-I01,49.5,"EGP 1,470 ",0,EGP 717 ,"EGP 7,168 ",44.40%,"EGP 3,584 ","EGP 6,449 ","EGP 7,352 ",0,60,14-Jul-25,0
14-Jul-25,Sakata,Ink,CUREMAX UV PROCESS,White,,,Flexo Ink CUREMAX UV PROCESS White,PC2003753,2,10,10,EGP 967 ,EGP 967 ,"EGP 4,837 ",FLX.2025.SO.000014,FLX.2025.M.INV.00015,Technology Pack,"EGP 9,674 ","EGP 1,354 ","EGP 11,028 ",2025/183,2025-I01,49.5,"EGP 1,103 ",0,EGP 717 ,"EGP 7,168 ",25.90%,"EGP 3,584 ","EGP 4,837 ","EGP 5,514 ",0,60,14-Jul-25,0
22-Oct-25,Fuji,Plate,Solvent,Digital,3.94,1270 x 2032 mm,Flexo Solvent Digital Plate 3.94 / 1270 x 2032 mm,FC2009933,2,31,12,"EGP 2,982 ","EGP 7,697 ","EGP 46,180 ",FLX.2025.SO.000020,FLX.2025.M.INV.00024,Al Taraki,"EGP 92,360 ","EGP 12,930 ","EGP 105,290 ",2024/161,2024-P02,49,"EGP 3,400 ",13,"EGP 2,806 ","EGP 86,890 ",5.90%,"EGP 43,445 ","EGP 46,180 ","EGP 52,645 ",Repro House,195,1-May-24,539
23-Jun-26,Sakata,Ink,CUREMAX UV PROCESS,White,,,Flexo Ink CUREMAX UV PROCESS White,PC2003753,20,100,100,EGP 834 ,EGP 834 ,"EGP 4,168 ",FLX.2026.SO.000020,,Pacman CCL,"EGP 83,350 ","EGP 11,669 ","EGP 95,019 ", 2026/134,2026-I01,52.55,EGP 950 ,"1,060",EGP 685 ,"EGP 68,533 ",17.80%,"EGP 3,427 ","EGP 4,168 ","EGP 4,751 ",Label,0,13-May-26,41
15-Dec-25,Jemx,plate ,Solvent,Digital,1.14,900 x 1200 mm,Flexo DSL Solvent Digital Plate 1.14 / 900 x 1200 mm,FC1490002,1,16.2,15," EGP 2,719.30 ","EGP 2,937 ","EGP 44,053 ",FLX.2025.SO.000023,FLX.2025.M.INV.00025,Pacman CCL,"EGP 44,053 ","EGP 6,167 ","EGP 50,220 ",2025/320,P01/2025,47.64,"EGP 3,100 ",0,"EGP 2,241 ","EGP 36,298 ",17.60%,"EGP 36,298 ","EGP 44,053 ","EGP 50,220 ",Label,68,7-Dec-25,8
15-Dec-25,Jemx,plate ,Solvent,Digital,1.14,1270 x 2032 mm,Flexo DSL Solvent Digital Plate 1.14 / 1270 x 2032 mm,FC1490004,1,25.8,10,"EGP 2,500 ","EGP 6,452 ","EGP 64,516 ",FLX.2025.SO.000024,FLX.2025.M.INV.00026 ,INCH,"EGP 64,516 ","EGP 9,032 ","EGP 73,548 ",2025/320,P01/2025,47.64,"EGP 2,850 ",-3,"EGP 2,241 ","EGP 57,823 ",10.40%,"EGP 57,823 ","EGP 64,516 ","EGP 73,548 ",Repro House,112,7-Dec-25,8
15-Dec-25,Jemx,plate ,Solvent,Digital,1.7,1270 x 2032 mm,Flexo DSL Solvent Digital Plate 1.7 / 1270 x 2032 mm,FC1490005,1,25.8,10," EGP 2,631.58 ","EGP 6,791 ","EGP 67,912 ",FLX.2025.SO.000024,FLX.2025.M.INV.00026 ,INCH,"EGP 67,912 ","EGP 9,508 ","EGP 77,419 ",2025/320,P01/2025,47.64,"EGP 3,000 ",0,"EGP 2,399 ","EGP 61,904 ",8.80%,"EGP 61,904 ","EGP 67,912 ","EGP 77,419 ",Repro House,112,7-Dec-25,8
15-Dec-25,Jemx,plate ,Solvent,Digital,1.7,1270 x 2032 mm,Flexo DSL Solvent Digital Plate 1.7 / 1270 x 2032 mm,FC1490005,1,25.8,10," EGP 2,587.72 ","EGP 6,678 ","EGP 66,780 ",FLX.2025.SO.000025,FLX.2025.M.INV.00027,Flexo Screen,"EGP 66,780 ","EGP 9,349 ","EGP 76,129 ",2025/320,P01/2025,47.64,"EGP 2,950 ",0,"EGP 2,399 ","EGP 61,904 ",7.30%,"EGP 61,904 ","EGP 66,780 ","EGP 76,129 ",#N/A,0,7-Dec-25,8
15-Dec-25,Jemx,plate ,Solvent,Digital,1.14,900 x 1200 mm,Flexo DSL Solvent Digital Plate 1.14 / 900 x 1200 mm,FC1490002,1,16.2,15," EGP 2,543.86 ","EGP 2,747 ","EGP 41,211 ",FLX.2025.SO.000026,FLX.2025.M.INV.00028,Bayan,"EGP 41,211 ","EGP 5,769 ","EGP 46,980 ",2025/320,P01/2025,47.64,"EGP 2,900 ",0,"EGP 2,241 ","EGP 36,298 ",11.90%,"EGP 36,298 ","EGP 41,211 ","EGP 46,980 ",Label,32,7-Dec-25,8
15-Dec-25,Jemx,plate ,Solvent,Digital,1.7,1270 x 2032 mm,Flexo DSL Solvent Digital Plate 1.7 / 1270 x 2032 mm,FC1490005,2,51.6,20," EGP 2,587.72 ","EGP 6,678 ","EGP 66,780 ",FLX.2025.SO.000027,FLX.2025.M.INV.00029,Flexo Screen,"EGP 133,559 ","EGP 18,698 ","EGP 152,258 ",2025/320,P01/2025,47.64,"EGP 2,950 ",0,"EGP 2,399 ","EGP 123,808 ",7.30%,"EGP 61,904 ","EGP 66,780 ","EGP 76,129 ",#N/A,31,7-Dec-25,8
15-Dec-25,Jemx,plate ,Solvent,Digital,1.14,1270 x 2032 mm,Flexo DSL Solvent Digital Plate 1.14 / 1270 x 2032 mm,FC1490004,2,51.6,20," EGP 2,368.42 ","EGP 6,112 ","EGP 61,120 ",FLX.2025.SO.000028,FLX.2025.M.INV.00030,Kortuba,"EGP 122,241 ","EGP 17,114 ","EGP 139,355 ",2025/320,P01/2025,47.64,"EGP 2,700 ",-3,"EGP 2,241 ","EGP 115,645 ",5.40%,"EGP 57,823 ","EGP 61,120 ","EGP 69,677 ",Repro House,129,7-Dec-25,8
18-Dec-25,Jemx,plate ,Solvent,Digital,1.7,1270 x 2032 mm,Flexo DSL Solvent Digital Plate 1.7 / 1270 x 2032 mm,FC1490005,4,103.2,40," EGP 2,587.72 ","EGP 6,678 ","EGP 66,780 ",FLX.2025.SO.000029,FLX.2025.M.INV.00034,Flexo Screen,"EGP 267,119 ","EGP 37,397 ","EGP 304,516 ",2025/320,P01/2025,47.64,"EGP 2,950 ",0,"EGP 2,399 ","EGP 247,617 ",7.30%,"EGP 61,904 ","EGP 66,780 ","EGP 76,129 ",#N/A,62,7-Dec-25,11
21-Dec-25,Jemx,plate ,Solvent,Digital,1.14,1270 x 2032 mm,Flexo DSL Solvent Digital Plate 1.14 / 1270 x 2032 mm,FC1490004,5,129,50," EGP 2,500.00 ","EGP 6,452 ","EGP 64,516 ",FLX.2025.SO.000030,FLX.2025.M.INV.00033,INCH,"EGP 322,580 ","EGP 45,161 ","EGP 367,741 ",2025/320,P01/2025,47.64,"EGP 2,850 ",-3,"EGP 2,241 ","EGP 289,113 ",10.40%,"EGP 57,823 ","EGP 64,516 ","EGP 73,548 ",Repro House,96,7-Dec-25,14
28-Dec-25,Jemx,plate ,Solvent,Digital,1.7,1270 x 2032 mm,Flexo DSL Solvent Digital Plate 1.7 / 1270 x 2032 mm,FC1490005,2,51.6,20," EGP 2,631.58 ","EGP 6,791 ","EGP 67,912 ",FLX.2025.SO.000030,FLX.2025.M.INV.00033,INCH,"EGP 135,823 ","EGP 19,015 ","EGP 154,838 ",2025/320,P01/2025,47.64,"EGP 3,000 ",0,"EGP 2,399 ","EGP 123,808 ",8.80%,"EGP 61,904 ","EGP 67,912 ","EGP 77,419 ",Repro House,96,7-Dec-25,21
28-Dec-25,Jemx,plate ,Solvent,Digital,1.14,1067 x 1524 mm,Flexo DSL Solvent Digital Plate 1.14 / 1067 x 1524 mm,FC1490003,17,276.4,170," EGP 2,368.42 ","EGP 3,851 ","EGP 38,513 ",FLX.2026.SO.000001,FLX.2026.M.INV.00001,Kortuba,"EGP 654,722 ","EGP 91,661 ","EGP 746,384 ",2025/320,P01/2025,47.64,"EGP 2,700 ",3,"EGP 2,241 ","EGP 619,397 ",5.40%,"EGP 36,435 ","EGP 38,513 ","EGP 43,905 ",Repro House,120,7-Dec-25,21
28-Dec-25,Jemx,plate ,Solvent,Digital,1.14,1270 x 2032 mm,Flexo DSL Solvent Digital Plate 1.14 / 1270 x 2032 mm,FC1490004,10,258.1,100," EGP 2,368.42 ","EGP 6,112 ","EGP 61,120 ",FLX.2026.SO.000001,FLX.2026.M.INV.00001,Kortuba,"EGP 611,204 ","EGP 85,569 ","EGP 696,773 ",2025/320,P01/2025,47.64,"EGP 2,700 ",-3,"EGP 2,241 ","EGP 578,226 ",5.40%,"EGP 57,823 ","EGP 61,120 ","EGP 69,677 ",Repro House,120,7-Dec-25,21
4-Jan-26,Jemx,plate ,Solvent,Digital,1.14,1270 x 2032 mm,Flexo DSL Solvent Digital Plate 1.14 / 1270 x 2032 mm,FC1490004,2,51.6,20," EGP 2,500.00 ","EGP 6,452 ","EGP 64,516 ",FLX.2026.SO.000002,FLX.2026.M.INV.00002,Flexo Screen,"EGP 129,032 ","EGP 18,064 ","EGP 147,096 ",2025/320,P01/2025,47.64,"EGP 2,850 ",-3,"EGP 2,241 ","EGP 115,645 ",10.40%,"EGP 57,823 ","EGP 64,516 ","EGP 73,548 ",#N/A,90,7-Dec-25,28
4-Jan-26,Jemx,plate ,Solvent,Digital,1.14,1067 x 1524 mm,Flexo DSL Solvent Digital Plate 1.14 / 1067 x 1524 mm,FC1490003,1,16.3,10," EGP 2,500.00 ","EGP 4,065 ","EGP 40,653 ",FLX.2026.SO.000002,FLX.2026.M.INV.00002,Flexo Screen,"EGP 40,653 ","EGP 5,691 ","EGP 46,344 ",2025/320,P01/2025,47.64,"EGP 2,850 ",3,"EGP 2,241 ","EGP 36,435 ",10.40%,"EGP 36,435 ","EGP 40,653 ","EGP 46,344 ",#N/A,90,7-Dec-25,28
4-Jan-26,Jemx,plate ,Solvent,Digital,1.14,1270 x 2032 mm,Flexo DSL Solvent Digital Plate 1.14 / 1270 x 2032 mm,FC1490004,5,129,50," EGP 2,500.00 ","EGP 6,452 ","EGP 64,516 ",FLX.2026.SO.000003,FLX.2026.M.INV.00003,INCH,"EGP 322,580 ","EGP 45,161 ","EGP 367,741 ",2025/320,P01/2025,47.64,"EGP 2,850 ",-3,"EGP 2,241 ","EGP 289,113 ",10.40%,"EGP 57,823 ","EGP 64,516 ","EGP 73,548 ",Repro House,94,7-Dec-25,28
4-Jan-26,Jemx,plate ,Solvent,Digital,1.14,1270 x 2032 mm,Flexo DSL Solvent Digital Plate 1.14 / 1270 x 2032 mm,FC1490004,1,25.8,10," EGP 2,500.00 ","EGP 6,452 ","EGP 64,516 ",FLX.2026.SO.000004,FLX.2026.M.INV.00012,Universal Misr,"EGP 64,516 ","EGP 9,032 ","EGP 73,548 ",2025/320,P01/2025,47.64,"EGP 2,850 ",-3,"EGP 2,241 ","EGP 57,823 ",10.40%,"EGP 57,823 ","EGP 64,516 ","EGP 73,548 ",Repro House,61,7-Dec-25,28
5-Jan-26,Jemx,plate ,Solvent,Digital,1.14,1270 x 2032 mm,Flexo DSL Solvent Digital Plate 1.14 / 1270 x 2032 mm,FC1490004,5,129,50," EGP 2,500.00 ","EGP 6,452 ","EGP 64,516 ",FLX.2026.SO.000005,FLX.2026.M.INV.00004,INCH,"EGP 322,580 ","EGP 45,161 ","EGP 367,741 ",2025/320,P01/2025,47.64,"EGP 2,850 ",-3,"EGP 2,241 ","EGP 289,113 ",10.40%,"EGP 57,823 ","EGP 64,516 ","EGP 73,548 ",Repro House,97,7-Dec-25,29
6-Jan-26,Jemx,plate ,Solvent,Digital,1.14,1067 x 1524 mm,Flexo DSL Solvent Digital Plate 1.14 / 1067 x 1524 mm,FC1490003,2,32.5,20," EGP 2,500.00 ","EGP 4,065 ","EGP 40,653 ",FLX.2026.SO.000005,FLX.2026.M.INV.00004,INCH,"EGP 81,305 ","EGP 11,383 ","EGP 92,688 ",2025/320,P01/2025,47.64,"EGP 2,850 ",3,"EGP 2,241 ","EGP 72,870 ",10.40%,"EGP 36,435 ","EGP 40,653 ","EGP 46,344 ",Repro House,97,7-Dec-25,30
18-Jan-26,Jemx,plate ,Solvent,Digital,1.14,900 x 1200 mm,Flexo DSL Solvent Digital Plate 1.14 / 900 x 1200 mm,FC1490002,4,64.8,60," EGP 2,543.86 ","EGP 2,747 ","EGP 41,211 ",FLX.2026.SO.000006,FLX.2026.M.INV.00005,Bayan,"EGP 164,842 ","EGP 23,078 ","EGP 187,920 ",2025/320,P01/2025,47.64,"EGP 2,900 ",0,"EGP 2,241 ","EGP 145,193 ",11.90%,"EGP 36,298 ","EGP 41,211 ","EGP 46,980 ",Label,28,7-Dec-25,42
18-Jan-26,Jemx,plate ,Solvent,Digital,1.14,1270 x 2032 mm,Flexo DSL Solvent Digital Plate 1.14 / 1270 x 2032 mm,FC1490004,3,77.4,30," EGP 2,500.00 ","EGP 6,452 ","EGP 64,516 ",FLX.2026.SO.000007,FLX.2026.M.INV.00006,Flexo Screen,"EGP 193,548 ","EGP 27,097 ","EGP 220,645 ",2025/320,P01/2025,47.64,"EGP 2,850 ",-3,"EGP 2,241 ","EGP 173,468 ",10.40%,"EGP 57,823 ","EGP 64,516 ","EGP 73,548 ",#N/A,90,7-Dec-25,42
19-Jan-26,Jemx,plate ,Solvent,Digital,1.14,900 x 1200 mm,Flexo DSL Solvent Digital Plate 1.14 / 900 x 1200 mm,FC1490002,1,16.2,15, EGP -   ,EGP 0 ,EGP 0 ,,,Huhtamaki-Elif,EGP 0 ,EGP 0 ,EGP 0 ,2025/320,P01/2025,47.64,EGP 0 ,0,"EGP 2,241 ","EGP 36,298 ",0.00%,"EGP 36,298 ",EGP 0 ,EGP 0 ,#N/A,0,7-Dec-25,43
20-Jan-26,Jemx,plate ,Solvent,Digital,1.14,1270 x 2032 mm,Flexo DSL Solvent Digital Plate 1.14 / 1270 x 2032 mm,FC1490004,2,51.6,20," EGP 2,456.14 ","EGP 6,338 ","EGP 63,384 ",FLX.2026.SO.000009,FLX.2026.M.INV.00007,Unidots,"EGP 126,768 ","EGP 17,748 ","EGP 144,516 ",2025/320,P01/2025,47.64,"EGP 2,800 ",-3,"EGP 2,241 ","EGP 115,645 ",8.80%,"EGP 57,823 ","EGP 63,384 ","EGP 72,258 ",Repro House,103,7-Dec-25,44
2-Feb-26,Jemx,plate ,Solvent,Digital,1.14,1067 x 1524 mm,Flexo DSL Solvent Digital Plate 1.14 / 1067 x 1524 mm,FC1490003,2,32.5,20," EGP 2,500.00 ","EGP 4,065 ","EGP 40,653 ",FLX.2026.SO.000011,FLX.2026.M.INV.00008,INCH,"EGP 81,305 ","EGP 11,383 ","EGP 92,688 ",2025/320,P01/2025,47.64,"EGP 2,850 ",3,"EGP 2,241 ","EGP 72,870 ",10.40%,"EGP 36,435 ","EGP 40,653 ","EGP 46,344 ",Repro House,103,7-Dec-25,57
2-Feb-26,Jemx,plate ,Solvent,Digital,1.14,1270 x 2032 mm,Flexo DSL Solvent Digital Plate 1.14 / 1270 x 2032 mm,FC1490004,18,464.5,180," EGP 2,368.42 ","EGP 6,112 ","EGP 61,120 ",FLX.2026.SO.000012,FLX.2026.M.INV.00010,Kortuba,"EGP 1,100,168 ","EGP 154,023 ","EGP 1,254,191 ",2025/320,P01/2025,47.64,"EGP 2,700 ",-3,"EGP 2,241 ","EGP 1,040,807 ",5.40%,"EGP 57,823 ","EGP 61,120 ","EGP 69,677 ",Repro House,120,7-Dec-25,57
8-Feb-26,Jemx,plate ,Solvent,Digital,1.14,1270 x 2032 mm,Flexo DSL Solvent Digital Plate 1.14 / 1270 x 2032 mm,FC1490004,3,77.4,30," EGP 2,456.14 ","EGP 6,338 ","EGP 63,384 ",FLX.2026.SO.000013,FLX.2026.M.INV.00011,Unidots,"EGP 190,152 ","EGP 26,621 ","EGP 216,774 ",2025/320,P01/2025,47.64,"EGP 2,800 ",-3,"EGP 2,241 ","EGP 173,468 ",8.80%,"EGP 57,823 ","EGP 63,384 ","EGP 72,258 ",Repro House,104,7-Dec-25,63
12-Feb-26,Jemx,plate ,Solvent,Digital,1.14,900 x 1200 mm,Flexo DSL Solvent Digital Plate 1.14 / 900 x 1200 mm,FC1490002,10,162,150," EGP 2,807.02 ","EGP 3,032 ","EGP 45,474 ",FLX.2026.SO.000014,FLX.2026.M.INV.00013,Pacman CCL,"EGP 454,737 ","EGP 63,663 ","EGP 518,400 ",2025/320,P01/2025,47.64,"EGP 3,200 ",0,"EGP 2,241 ","EGP 362,982 ",20.20%,"EGP 36,298 ","EGP 45,474 ","EGP 51,840 ",Label,41,7-Dec-25,67
18-Feb-26,Jemx,plate ,Solvent,Digital,1.14,1270 x 2032 mm,Flexo DSL Solvent Digital Plate 1.14 / 1270 x 2032 mm,FC1490004,38,980.6,380," EGP 2,631.58 ","EGP 6,791 ","EGP 67,912 ",FLX.2026.SO.000015,FLX.2026.M.INV.00014,Kortuba,"EGP 2,580,640 ","EGP 361,290 ","EGP 2,941,930 ",2025/320,P01/2025,47.64,"EGP 3,000 ",-3,"EGP 2,241 ","EGP 2,197,260 ",14.90%,"EGP 57,823 ","EGP 67,912 ","EGP 77,419 ",Repro House,120,7-Dec-25,73
9-Mar-26,Jemx,plate ,Solvent,Digital,1.14,1270 x 2032 mm,Flexo DSL Solvent Digital Plate 1.14 / 1270 x 2032 mm,FC1490004,0,0,0," EGP 2,894.74 ","EGP 7,470 ","EGP 74,703 ",FLX.2026.SO.000017,,Universal Misr,EGP 0 ,EGP 0 ,EGP 0 ,2025/320,P01/2025,47.64,"EGP 3,300 ",-3,"EGP 2,241 ",EGP 0 ,0.00%,#DIV/0!,#DIV/0!,#DIV/0!,Repro House,0,7-Dec-25,92
17-Mar-26,Jemx,plate ,Solvent,Digital,1.14,1270 x 2032 mm,Flexo DSL Solvent Digital Plate 1.14 / 1270 x 2032 mm,FC1490004,3,77.4,30," EGP 2,982.46 ","EGP 7,697 ","EGP 76,966 ",FLX.2026.SO.000018,,Unidots,"EGP 230,899 ","EGP 32,326 ","EGP 263,225 ",2025/320,P01/2025,47.64,"EGP 3,400 ",-3,"EGP 2,241 ","EGP 173,468 ",24.90%,"EGP 57,823 ","EGP 76,966 ","EGP 87,742 ",Repro House,0,7-Dec-25,100
31-Mar-26,Jemx,plate ,Solvent,Digital,1.14,1270 x 2032 mm,Flexo DSL Solvent Digital Plate 1.14 / 1270 x 2032 mm,FC1490004,3,77.4,30,,EGP 0 ,EGP 0 ,FLX.2025.SO.000021,FLX.2025.M.INV.00031,Unidots,EGP 0 ,EGP 0 ,EGP 0 ,2025/320,P01/2025,47.64,EGP 0 ,-3,"EGP 2,241 ","EGP 173,468 ",0.00%,"EGP 57,823 ",EGP 0 ,EGP 0 ,Repro House,71,7-Dec-25,114
29-Apr-26,Jemx,plate ,Solvent,Digital,1.14,1270 x 2032 mm,Flexo DSL Solvent Digital Plate 1.14 / 1270 x 2032 mm,FC1490004,2,51.6,20,,EGP 0 ,EGP 0 ,FLX.2025.SO.000022,FLX.2025.M.INV.00032,Kortuba,EGP 0 ,EGP 0 ,EGP 0 ,2025/320,P01/2025,47.64,EGP 0 ,-3,"EGP 2,241 ","EGP 115,645 ",0.00%,"EGP 57,823 ",EGP 0 ,EGP 0 ,Repro House,123,7-Dec-25,143
